60,17247,Married,Female,0,Corsa
41,41963,Divorced,Female,1,Corsa
44,31915,Single,Male,0,MX5
72,37091,Single,Female,2,MX5
21,29802,Single,Male,4,Zafira
44,18533,Widowed,Male,1,Zafira
20,37521,Single,Female,2,MX5
41,47915,Single,Male,0,MX5
22,40765,Married,Male,0,Corsa
76,22848,Married,Male,4,Zafira
58,31138,Single,Female,1,MX5
28,5000,Single,Female,3,Corsa
55,18745,Married,Male,0,Corsa
75,28168,Single,Female,0,Corsa
59,26332,Single,Male,2,Zafira
25,33469,Married,Female,2,Corsa
68,34201,Married,Male,3,Zafira
47,51701,Widowed,Male,3,Zafira
34,34804,Single,Female,2,MX5
69,21846,Single,Female,2,Zafira
27,26056,Single,Female,1,Corsa
24,36126,Married,Female,4,Corsa
69,5000,Married,Female,4,Corsa
26,27486,Single,Male,2,Zafira
72,24384,Single,Female,2,Corsa
22,10916,Married,Female,2,Corsa
51,37230,Married,Female,1,Corsa
45,21028,Single,Female,3,Corsa
28,21933,Divorced,Female,4,Corsa
33,31249,Widowed,Male,3,Zafira
21,51068,Divorced,Female,3,Zafira
63,27417,Married,Male,1,Corsa
65,21440,Single,Male,1,Zafira
30,14498,Single,Male,3,Zafira
23,44520,Single,Female,1,MX5
58,12781,Single,Male,2,Zafira
27,20544,Single,Male,1,Zafira
42,11317,Single,Female,4,Corsa
73,30292,Widowed,Female,0,Corsa
57,38564,Single,Male,0,MX5
72,39203,Single,Female,2,MX5
39,33619,Divorced,Male,4,Zafira
54,30010,Single,Female,1,MX5
68,37050,Single,Female,3,MX5
19,40594,Divorced,Male,2,Zafira
55,36921,Single,Female,4,MX5
19,34783,Married,Female,1,Corsa
46,36246,Married,Male,4,Zafira
43,19662,Married,Male,1,Zafira
25,34186,Married,Male,4,Zafira
32,40530,Single,Female,0,MX5
27,30062,Single,Male,4,MX5
32,31697,Single,Female,3,MX5
75,25304,Single,Female,1,Corsa
54,34624,Married,Female,3,Corsa
54,21814,Single,Female,3,Corsa
26,25058,Married,Female,4,Zafira
63,32728,Single,Male,2,MX5
32,33502,Widowed,Female,1,Corsa
54,46211,Single,Female,0,MX5
54,20764,Single,Female,4,Corsa
44,24340,Married,Female,4,Corsa
54,38774,Single,Male,4,MX5
32,27151,Married,Female,1,Corsa
23,40959,Married,Female,4,Corsa
22,37533,Single,Female,3,MX5
24,46049,Single,Female,0,MX5
45,21345,Married,Male,2,Zafira
30,23578,Married,Female,2,Corsa
70,33871,Married,Female,0,Corsa
26,25341,Single,Female,4,Corsa
43,35966,Single,Female,2,MX5
72,41820,Single,Male,3,MX5
42,19116,Married,Male,4,Zafira
21,51747,Widowed,Male,2,Zafira
22,32480,Single,Female,4,MX5
35,35063,Married,Male,1,Zafira
42,16140,Single,Female,4,Corsa
28,17536,Divorced,Female,1,Corsa
57,15679,Divorced,Female,3,Corsa
32,36692,Married,Female,0,Corsa
58,32427,Single,Male,2,MX5
18,35760,Widowed,Female,3,Zafira
21,46805,Single,Male,3,MX5
45,15336,Married,Female,3,Corsa
44,32399,Married,Female,4,Corsa
45,21329,Single,Female,0,Corsa
48,40517,Divorced,Female,3,Corsa
69,30748,Widowed,Male,3,Zafira
71,22144,Married,Female,2,Corsa
44,29803,Married,Female,3,Corsa
18,31862,Single,Female,0,MX5
75,42201,Divorced,Female,1,Corsa
72,10750,Divorced,Male,2,Zafira
23,50683,Single,Female,2,MX5
57,46637,Married,Female,0,Corsa
67,31468,Single,Male,2,MX5
52,26373,Single,Female,3,Zafira
60,29353,Widowed,Female,1,Corsa
30,8077,Divorced,Female,3,Corsa
70,34643,Married,Male,1,BMW5
22,36674,Married,Female,1,Corsa
29,36235,Single,Male,3,MX5
47,26279,Married,Female,3,Zafira
76,25569,Widowed,Female,0,Corsa
75,22680,Single,Male,2,Zafira
38,53845,Divorced,Female,4,Corsa
20,32739,Single,Female,0,MX5
68,43933,Widowed,Female,3,Corsa
71,19014,Married,Female,3,Corsa
76,14985,Single,Male,0,BMW5
51,27078,Married,Male,2,Zafira
32,43281,Single,Male,2,MX5
51,24081,Single,Male,4,Zafira
26,38138,Widowed,Male,3,Zafira
36,35074,Married,Female,2,Zafira
30,15533,Married,Male,2,Zafira
35,26739,Married,Female,4,Zafira
55,28475,Divorced,Male,0,Corsa
43,12103,Single,Male,0,BMW5
29,39275,Married,Male,3,Zafira
58,27476,Widowed,Female,2,Corsa
60,8796,Divorced,Female,0,Corsa
58,35088,Divorced,Female,1,Corsa
44,8082,Single,Male,4,Zafira
67,16668,Single,Male,3,Zafira
51,40271,Married,Female,0,Corsa
72,26472,Married,Female,2,Corsa
58,37111,Single,Female,1,MX5
68,43312,Widowed,Male,1,BMW5
61,43465,Single,Male,4,MX5
63,24304,Widowed,Female,0,Corsa
48,36086,Married,Female,0,Corsa
26,28999,Married,Male,0,Corsa
67,32154,Widowed,Male,2,Zafira
53,32173,Divorced,Male,4,Zafira
60,14996,Widowed,Male,0,Corsa
55,20941,Married,Female,2,Corsa
18,14312,Married,Female,0,Corsa
40,43256,Single,Female,4,MX5
61,40154,Widowed,Male,0,BMW5
19,38440,Single,Male,1,MX5
66,20116,Married,Female,0,Corsa
62,53399,Single,Female,0,MX5
44,40879,Single,Female,4,MX5
28,29027,Married,Female,0,Corsa
38,24042,Married,Female,2,Corsa
45,38872,Married,Female,2,Corsa
62,17216,Single,Male,1,Zafira
47,19266,Single,Male,1,Zafira
68,39255,Single,Male,3,MX5
50,20674,Married,Female,2,Corsa
23,29522,Married,Male,3,Zafira
50,32255,Married,Male,1,Corsa
55,36493,Single,Male,0,MX5
71,40926,Married,Male,1,BMW5
35,38460,Divorced,Female,4,Corsa
63,34239,Married,Male,4,Zafira
47,30180,Widowed,Female,0,Corsa
64,29522,Single,Male,4,Zafira
35,22187,Married,Male,1,Zafira
38,18841,Married,Male,1,Zafira
31,12614,Divorced,Male,2,Zafira
66,24314,Married,Female,4,Zafira
27,35140,Married,Female,1,Corsa
19,39031,Widowed,Female,3,Corsa
41,29391,Divorced,Male,1,Corsa
32,36786,Divorced,Male,4,Zafira
31,24716,Single,Male,1,Zafira
43,10674,Married,Female,1,Corsa
28,31632,Single,Male,3,MX5
32,40278,Single,Female,2,MX5
61,32250,Married,Male,3,Zafira
22,22383,Married,Male,4,Zafira
39,40388,Single,Male,2,MX5
68,25038,Widowed,Male,1,Zafira
70,26157,Divorced,Female,3,Zafira
53,12562,Single,Female,4,Zafira
39,36183,Married,Male,4,Zafira
48,16750,Married,Male,1,Zafira
62,30274,Married,Female,3,Corsa
39,9954,Married,Female,3,Zafira
30,17763,Married,Female,3,Corsa
74,28062,Single,Female,4,Corsa
70,31483,Single,Female,0,MX5
59,44641,Married,Male,1,BMW5
40,24338,Divorced,Female,4,Corsa
67,8478,Married,Female,3,Zafira
41,41808,Single,Male,4,MX5
50,25542,Single,Male,2,Zafira
25,33138,Widowed,Female,1,Corsa
46,48304,Single,Female,1,MX5
65,31692,Married,Male,1,BMW5
70,22991,Single,Female,4,Zafira
29,26751,Married,Female,0,Corsa
51,33896,Married,Male,1,Zafira
22,37613,Single,Female,1,MX5
21,20816,Single,Male,1,Zafira
65,22462,Married,Female,1,Corsa
45,33807,Married,Male,1,Zafira
24,7839,Married,Male,2,Zafira
43,28216,Divorced,Male,4,Zafira
22,42225,Divorced,Female,0,Corsa
28,32626,Married,Male,0,Corsa
41,23144,Single,Male,1,Zafira
76,37527,Single,Female,4,MX5
31,47182,Married,Female,1,Corsa
55,23536,Single,Male,3,Zafira
48,32583,Single,Male,0,MX5
69,17263,Single,Female,3,Corsa
21,43801,Married,Male,4,Zafira
38,32679,Widowed,Female,3,Zafira
44,36062,Married,Male,4,Zafira
63,40733,Single,Female,1,MX5
75,24397,Single,Female,4,Corsa
61,38495,Married,Male,4,Zafira
39,24678,Single,Male,3,Zafira
49,9546,Single,Female,3,Corsa
36,19566,Single,Female,0,Corsa
60,29269,Married,Male,3,Zafira
52,28244,Married,Male,3,Zafira
53,34340,Married,Male,3,Zafira
40,37730,Married,Male,0,Corsa
48,25446,Single,Male,3,Zafira
66,24842,Married,Male,4,Zafira
52,31593,Married,Female,0,Corsa
71,36967,Married,Female,0,Corsa
75,29850,Widowed,Female,1,Corsa
23,38560,Single,Female,1,MX5
76,31560,Widowed,Male,4,Zafira
62,32845,Single,Female,4,MX5
68,29909,Widowed,Female,4,Corsa
29,15758,Married,Female,0,Corsa
35,24012,Married,Male,3,Zafira
41,22742,Married,Male,4,Zafira
33,36681,Single,Female,3,MX5
47,39313,Single,Female,0,MX5
41,32972,Married,Male,3,Zafira
73,23685,Single,Female,0,Corsa
56,17768,Married,Female,1,Corsa
76,42793,Married,Male,1,BMW5
41,12953,Married,Female,2,Corsa
32,35297,Married,Female,4,Zafira
42,20568,Widowed,Male,0,Corsa
45,49194,Single,Male,0,MX5
63,29413,Single,Male,4,Zafira
19,43642,Married,Female,0,Corsa
38,29633,Married,Male,4,Zafira
39,25014,Single,Female,1,Corsa
64,39721,Married,Male,0,BMW5
59,34239,Single,Female,1,MX5
33,24133,Single,Male,0,BMW5
49,14598,Single,Male,1,Zafira
61,15066,Single,Male,1,Zafira
21,11994,Married,Female,4,Zafira
36,29205,Single,Female,2,Corsa
54,35020,Married,Male,1,Corsa
55,34478,Married,Female,4,Zafira
68,25743,Single,Male,1,Zafira
48,35339,Single,Male,3,MX5
67,16341,Single,Male,0,Corsa
35,25548,Married,Female,2,Corsa
63,37013,Married,Male,4,Zafira
20,11433,Single,Female,0,Corsa
41,28938,Married,Female,0,Corsa
56,31188,Divorced,Female,3,Corsa
33,40305,Widowed,Female,0,Corsa
41,28186,Single,Male,2,Zafira
39,29124,Single,Female,3,Corsa
26,26925,Married,Female,0,Corsa
33,30339,Married,Female,1,Corsa
44,26556,Single,Male,3,Zafira
36,33278,Divorced,Male,0,Corsa
54,25834,Single,Male,2,Zafira
40,45669,Single,Female,1,MX5
77,48528,Married,Female,2,Corsa
38,33346,Divorced,Male,1,Zafira
43,23706,Widowed,Male,4,Zafira
73,29170,Widowed,Female,3,Zafira
28,32949,Married,Female,1,Corsa
44,37604,Widowed,Female,2,Corsa
62,14724,Married,Female,2,Corsa
61,45772,Single,Female,4,MX5
32,19446,Single,Male,4,Zafira
47,33439,Single,Male,2,MX5
18,44502,Divorced,Male,2,Zafira
64,12928,Widowed,Male,3,Zafira
31,17437,Single,Female,2,Corsa
19,21173,Single,Female,1,Corsa
57,24046,Married,Male,0,Corsa
54,27374,Single,Male,2,Zafira
63,33571,Married,Female,0,Corsa
53,36086,Single,Male,1,MX5
29,18527,Married,Female,2,Corsa
34,34649,Married,Female,4,Corsa
33,32021,Married,Male,1,Zafira
24,14449,Single,Male,3,Zafira
48,46429,Single,Female,2,MX5
24,26583,Widowed,Male,1,Zafira
67,31312,Divorced,Male,3,Zafira
70,43880,Single,Female,1,MX5
22,45195,Widowed,Female,3,Corsa
20,38536,Single,Female,0,MX5
73,19828,Single,Male,2,Zafira
37,25215,Single,Female,3,Corsa
47,41142,Single,Female,0,MX5
41,44364,Widowed,Male,2,Zafira
44,19501,Married,Female,2,Corsa
59,12139,Married,Female,0,Corsa
52,33009,Single,Male,3,MX5
65,45869,Married,Female,2,BMW5
26,50165,Widowed,Female,3,Zafira
76,27264,Married,Female,2,Corsa
31,49044,Single,Female,4,MX5
70,43924,Widowed,Female,3,BMW5
43,5000,Single,Male,4,Zafira
67,48915,Single,Female,2,MX5
34,18904,Single,Male,3,Zafira
76,26099,Married,Male,4,Zafira
18,12542,Married,Male,2,Zafira
34,21302,Married,Female,4,Corsa
36,21325,Widowed,Female,0,Corsa
20,34547,Single,Male,4,MX5
18,10921,Single,Male,2,Zafira
58,20084,Single,Female,2,Corsa
60,41499,Married,Female,3,Corsa
18,42799,Widowed,Male,0,Corsa
30,46859,Single,Female,1,MX5
33,27916,Single,Female,2,Corsa
56,25912,Widowed,Female,3,Corsa
21,18725,Married,Female,1,Corsa
71,31295,Single,Female,2,MX5
61,18726,Married,Male,1,Zafira
20,29795,Divorced,Male,3,Zafira
62,41671,Married,Male,3,Zafira
39,17903,Married,Female,0,Corsa
72,40253,Married,Female,0,Corsa
74,26430,Married,Male,3,Zafira
50,17174,Married,Male,3,Zafira
55,35439,Widowed,Male,0,BMW5
28,27523,Divorced,Female,4,Corsa
73,19218,Married,Male,0,BMW5
64,30380,Single,Male,3,MX5
69,28522,Married,Female,3,Corsa
46,50910,Married,Male,2,Zafira
37,34209,Single,Male,0,MX5
31,23583,Widowed,Male,0,BMW5
44,32596,Single,Female,2,MX5
61,54925,Married,Male,3,BMW5
36,25684,Married,Male,2,Zafira
38,38638,Married,Male,0,Corsa
65,39177,Single,Female,0,MX5
48,27592,Single,Male,4,Zafira
56,40331,Single,Female,1,MX5
40,38621,Single,Female,3,MX5
37,29090,Single,Male,0,Corsa
41,27160,Married,Female,2,Corsa
61,48137,Married,Male,1,BMW5
21,40073,Divorced,Female,1,Corsa
51,9968,Married,Male,4,Zafira
41,25754,Widowed,Female,3,Corsa
49,52747,Single,Male,2,MX5
77,46346,Single,Female,0,MX5
77,18152,Married,Male,1,Zafira
28,37404,Single,Male,0,MX5
26,42664,Married,Male,0,BMW5
44,14950,Married,Female,4,Corsa
77,24537,Married,Female,4,Zafira
35,33618,Single,Male,4,MX5
53,16121,Single,Male,2,Zafira
47,30419,Married,Female,4,Corsa
23,19378,Married,Male,1,Zafira
30,19834,Single,Male,1,Zafira
38,27546,Divorced,Female,4,Corsa
35,20828,Married,Male,3,Zafira
37,33185,Single,Male,4,MX5
70,40959,Married,Male,2,BMW5
18,24993,Married,Male,1,Corsa
37,32764,Single,Male,4,MX5
28,33315,Divorced,Male,1,Zafira
33,21974,Married,Female,2,Corsa
66,45056,Divorced,Male,0,BMW5
33,21708,Married,Male,1,Zafira
43,28927,Single,Male,3,Zafira
49,27074,Married,Male,1,Zafira
20,15700,Single,Female,0,Corsa
53,28861,Married,Male,0,Corsa
32,32905,Married,Female,2,Corsa
71,41444,Married,Male,0,BMW5
24,24624,Married,Female,0,Corsa
68,40408,Widowed,Male,4,Zafira
68,25677,Single,Female,1,Corsa
47,39311,Widowed,Female,0,Corsa
67,31966,Married,Male,4,Zafira
56,23779,Married,Male,4,Zafira
49,49578,Single,Male,2,MX5
43,7618,Married,Female,3,Zafira
51,27646,Widowed,Female,3,Corsa
35,19756,Widowed,Female,1,Corsa
25,31635,Married,Male,1,Zafira
32,31519,Married,Female,4,Corsa
50,33644,Married,Female,3,Corsa
48,43023,Married,Female,2,Corsa
51,33572,Married,Female,4,Zafira
68,34868,Single,Female,1,MX5
38,29719,Married,Male,4,Zafira
69,31667,Widowed,Male,0,BMW5
77,33852,Widowed,Male,4,Zafira
27,14651,Married,Female,3,Corsa
37,26655,Married,Male,2,Zafira
51,37088,Married,Male,0,BMW5
20,25885,Married,Male,2,Zafira
38,29956,Widowed,Female,3,Corsa
41,30735,Married,Female,2,Zafira
62,33431,Divorced,Male,4,Zafira
20,44040,Single,Male,0,MX5
38,17691,Married,Male,3,Zafira
72,39260,Married,Male,0,BMW5
53,29603,Married,Male,1,Corsa
39,21500,Married,Female,4,Corsa
33,30685,Married,Male,4,Zafira
61,6102,Married,Male,3,Zafira
49,29118,Single,Female,1,Corsa
77,29594,Single,Male,2,Zafira
27,29689,Widowed,Female,2,Corsa
26,39435,Single,Female,0,MX5
53,27499,Married,Male,0,Corsa
22,32188,Married,Female,4,Corsa
41,5000,Single,Female,4,Zafira
53,40205,Married,Male,2,Zafira
62,32079,Widowed,Male,4,Zafira
75,30659,Widowed,Male,0,BMW5
21,37654,Single,Male,3,MX5
22,38895,Married,Male,4,Zafira
35,33124,Married,Female,3,Corsa
76,25785,Married,Female,2,Corsa
54,31482,Married,Female,3,Corsa
23,13523,Divorced,Male,4,Zafira
55,25528,Married,Female,2,Corsa
74,29509,Married,Female,1,Corsa
30,30545,Married,Female,2,Corsa
34,37898,Married,Female,2,Corsa
73,34137,Married,Female,3,Zafira
77,19576,Single,Male,4,Zafira
19,16725,Single,Female,1,Corsa
73,27488,Single,Female,3,Corsa
44,32700,Single,Male,3,MX5
27,28243,Widowed,Female,0,Corsa
20,30794,Divorced,Female,2,Corsa
21,38536,Divorced,Female,1,Corsa
40,24997,Married,Female,0,Corsa
52,21062,Single,Female,3,Corsa
51,40768,Single,Male,2,MX5
77,33882,Married,Male,1,BMW5
57,18522,Married,Female,4,Zafira
59,21495,Married,Male,3,Zafira
26,37893,Single,Male,3,MX5
39,29705,Divorced,Female,2,Corsa
23,32458,Single,Male,0,MX5
36,35280,Single,Male,2,MX5
21,26109,Married,Female,4,Corsa
31,36908,Single,Female,0,MX5
49,38528,Single,Male,4,MX5
75,56745,Single,Female,0,MX5
21,24985,Married,Female,4,Zafira
33,27871,Single,Female,3,Corsa
29,38145,Divorced,Male,3,Zafira
72,40373,Single,Female,3,MX5
33,20392,Single,Female,3,Corsa
64,35532,Single,Male,2,MX5
65,33264,Single,Male,4,MX5
26,32625,Married,Female,0,Corsa
47,30394,Widowed,Female,3,Corsa
34,36382,Single,Male,3,MX5
59,29254,Widowed,Male,1,Corsa
38,28555,Married,Female,1,Corsa
40,20126,Married,Female,2,Corsa
62,14630,Married,Male,1,Zafira
22,34252,Divorced,Female,3,Corsa
36,33855,Married,Female,0,Corsa
33,21661,Married,Female,0,Corsa
19,35027,Single,Female,0,MX5
44,37936,Widowed,Male,1,Zafira
22,24748,Married,Male,1,Zafira
43,23502,Divorced,Female,3,Zafira
70,34727,Married,Male,3,Zafira
62,38582,Married,Female,4,Zafira
75,47965,Married,Male,3,BMW5
31,50984,Divorced,Male,3,Zafira
29,31878,Married,Female,1,Corsa
38,8099,Single,Female,4,Corsa
28,37898,Married,Male,1,Zafira
29,30787,Single,Male,3,MX5
74,17202,Married,Female,4,Zafira
70,29074,Divorced,Male,0,BMW5
70,25497,Single,Female,3,Corsa
30,13300,Single,Male,3,Zafira
24,18024,Married,Male,3,Zafira
42,21800,Single,Male,0,Corsa
46,41747,Married,Female,1,Corsa
23,21015,Divorced,Male,4,Zafira
36,11934,Widowed,Female,2,Corsa
64,40515,Married,Female,2,Corsa
54,32048,Single,Male,0,MX5
23,49195,Married,Male,0,BMW5
75,24753,Married,Female,1,Corsa
47,34019,Divorced,Male,4,Zafira
22,29449,Married,Female,2,Corsa
27,36962,Single,Male,1,MX5
75,46110,Married,Male,2,BMW5
18,50085,Single,Female,4,MX5
18,24748,Single,Female,1,Corsa
54,40845,Married,Male,2,Zafira
41,36264,Single,Male,0,MX5
33,28912,Divorced,Male,0,BMW5
24,33921,Single,Female,4,MX5
60,20388,Single,Female,4,Corsa
33,26900,Married,Male,2,Zafira
25,35878,Single,Male,4,MX5
51,45604,Single,Female,1,MX5
51,18443,Married,Female,1,Corsa
48,20644,Single,Male,0,BMW5
30,21941,Married,Female,2,Corsa
43,48246,Single,Female,3,MX5
59,38473,Divorced,Male,4,Zafira
56,33338,Single,Male,0,MX5
36,26922,Married,Female,1,Corsa
74,14052,Single,Female,1,Corsa
57,25215,Single,Male,4,Zafira
39,29319,Divorced,Male,3,Zafira
39,45739,Married,Female,4,Corsa
37,36965,Widowed,Female,2,Corsa
67,42768,Divorced,Male,4,BMW5
58,34598,Married,Male,4,Zafira
29,22190,Single,Male,0,Corsa
19,30142,Married,Female,2,Corsa
44,21112,Married,Male,1,Zafira
42,39409,Single,Male,2,MX5
70,38942,Married,Male,2,BMW5
29,18632,Single,Male,4,Zafira
65,22434,Married,Female,0,Corsa
71,25941,Divorced,Female,2,Corsa
50,18853,Single,Female,1,Corsa
67,36815,Single,Female,1,MX5
58,15669,Single,Male,2,Zafira
40,48572,Divorced,Male,3,Zafira
34,30689,Married,Female,4,Zafira
60,28870,Single,Female,3,Corsa
47,29351,Single,Male,3,Zafira
42,37574,Single,Female,0,MX5
44,22678,Single,Male,4,Zafira
38,31074,Married,Female,3,Corsa
66,39152,Married,Female,4,Zafira
37,31416,Single,Male,4,MX5
60,21450,Single,Female,1,Corsa
48,31015,Widowed,Male,0,Corsa
60,27837,Single,Male,1,Zafira
42,25907,Single,Female,2,Corsa
55,21657,Married,Male,2,Zafira
75,35432,Widowed,Female,0,Corsa
40,31674,Widowed,Male,1,Zafira
56,32601,Single,Male,1,MX5
45,26538,Divorced,Male,4,Zafira
69,11770,Single,Female,3,Corsa
76,26892,Divorced,Male,1,BMW5
33,48332,Single,Male,0,MX5
67,26017,Married,Male,0,BMW5
75,38641,Married,Female,3,Corsa
55,19045,Widowed,Female,3,Corsa
42,34070,Single,Male,4,MX5
49,27317,Single,Female,4,Zafira
26,35051,Married,Female,2,Corsa
74,33162,Married,Male,0,BMW5
32,20814,Married,Female,1,Corsa
19,25237,Widowed,Female,0,Corsa
38,20740,Divorced,Female,3,Zafira
21,50441,Married,Male,0,BMW5
23,32019,Single,Female,4,MX5
40,22673,Single,Male,0,Corsa
52,29317,Single,Male,0,BMW5
39,24608,Single,Male,0,BMW5
45,17008,Single,Male,1,Zafira
21,31231,Widowed,Female,4,Corsa
46,22110,Divorced,Female,4,Zafira
27,22596,Married,Female,3,Zafira
60,22609,Married,Female,4,Corsa
53,32740,Widowed,Female,3,Corsa
59,27077,Single,Male,3,Zafira
31,25503,Single,Female,4,Corsa
25,34828,Widowed,Female,1,Corsa
57,40598,Married,Male,4,Zafira
69,49939,Single,Male,2,MX5
31,44368,Married,Female,3,Corsa
24,43871,Married,Female,2,Zafira
43,42094,Married,Male,2,Zafira
68,9817,Single,Female,1,Corsa
77,32251,Single,Male,4,MX5
74,33323,Single,Female,2,MX5
21,21686,Single,Female,4,Zafira
55,31769,Divorced,Male,1,Zafira
50,37874,Single,Female,1,MX5
30,33727,Single,Female,4,MX5
75,24327,Widowed,Female,3,Corsa
75,9505,Single,Female,2,Corsa
23,18878,Married,Female,0,Corsa
23,32095,Widowed,Male,1,Zafira
59,31788,Divorced,Male,4,Zafira
59,19597,Married,Male,0,Corsa
23,27722,Single,Male,2,Zafira
27,44168,Single,Male,0,MX5
71,20479,Married,Female,2,Corsa
64,33383,Widowed,Female,3,Corsa
62,34444,Married,Male,4,Zafira
73,35504,Married,Female,2,Corsa
26,53960,Single,Female,3,MX5
51,10242,Single,Male,4,Zafira
76,37187,Married,Female,1,Corsa
21,31072,Single,Female,3,MX5
46,28116,Single,Male,0,BMW5
29,32802,Single,Female,4,MX5
22,19727,Married,Male,2,Zafira
22,26799,Married,Male,3,Zafira
51,43276,Married,Female,0,Corsa
77,32525,Married,Male,3,Zafira
34,35386,Single,Male,2,MX5
37,33430,Widowed,Female,2,Corsa
73,38179,Married,Female,0,BMW5
65,30930,Married,Male,2,Zafira
76,37388,Single,Male,0,MX5
23,28891,Single,Male,3,Zafira
66,35149,Married,Female,1,Corsa
20,34846,Single,Female,0,MX5
44,42332,Single,Male,1,MX5
32,22207,Married,Female,0,Corsa
24,21908,Single,Male,0,BMW5
20,29988,Single,Male,2,Zafira
25,35674,Married,Female,0,Corsa
53,23990,Single,Female,4,Zafira
40,37663,Divorced,Male,0,Corsa
69,23465,Married,Male,4,Zafira
71,23705,Single,Male,3,Zafira
41,52668,Single,Female,4,MX5
19,34880,Divorced,Male,3,Zafira
61,31439,Married,Male,1,BMW5
63,28030,Divorced,Female,0,Corsa
51,27660,Single,Male,4,Zafira
76,23977,Single,Male,0,BMW5
34,29363,Single,Male,2,Zafira
57,35763,Married,Female,0,Corsa
30,24755,Married,Male,4,Zafira
30,32690,Single,Female,1,MX5
20,35955,Married,Male,1,Zafira
62,28749,Single,Male,2,Zafira
74,41053,Married,Male,3,BMW5
41,38048,Single,Male,2,MX5
60,24704,Divorced,Male,2,Zafira
34,25279,Married,Female,1,Corsa
32,47532,Single,Male,1,MX5
63,16877,Widowed,Female,0,Corsa
75,42586,Single,Male,1,MX5
46,21176,Single,Male,2,Zafira
68,26348,Widowed,Male,4,Zafira
28,28725,Single,Male,4,Zafira
52,48864,Divorced,Male,4,Zafira
47,5046,Single,Male,4,Zafira
46,43163,Widowed,Male,3,Zafira
54,22762,Single,Female,1,Corsa
38,26555,Married,Male,1,Zafira
73,38854,Married,Female,1,BMW5
66,30463,Married,Female,1,Corsa
47,39741,Married,Female,4,Zafira
54,30494,Married,Female,0,Corsa
75,45579,Divorced,Male,2,BMW5
45,20480,Married,Female,4,Corsa
48,38397,Married,Male,4,Zafira
51,47027,Single,Female,2,MX5
66,31670,Married,Male,4,Zafira
64,28714,Widowed,Female,1,Corsa
34,43054,Single,Female,1,MX5
57,27421,Divorced,Female,2,Corsa
39,42811,Married,Female,1,Corsa
77,24822,Married,Male,3,Zafira
64,36212,Single,Male,2,MX5
26,30489,Single,Female,2,MX5
36,47634,Married,Female,0,Corsa
46,34198,Divorced,Male,3,Zafira
53,29264,Single,Male,0,Corsa
69,41396,Married,Male,0,BMW5
67,28028,Single,Female,0,Corsa
46,9864,Married,Female,2,Corsa
40,34295,Married,Male,3,Zafira
51,41981,Married,Female,4,Zafira
47,23849,Single,Male,0,Corsa
21,30575,Widowed,Female,3,Zafira
70,31485,Married,Male,3,Zafira
61,27025,Married,Female,3,Corsa
43,45840,Married,Female,0,Corsa
33,7724,Single,Female,0,Corsa
62,39277,Widowed,Female,1,Corsa
44,6469,Single,Male,0,Corsa
25,31646,Single,Female,3,MX5
71,35631,Married,Male,4,Zafira
56,9861,Divorced,Male,0,Corsa
35,17058,Divorced,Male,1,Zafira
48,27869,Widowed,Female,0,Corsa
39,32556,Single,Male,2,MX5
25,24284,Divorced,Female,3,Corsa
64,22091,Married,Male,4,Zafira
52,40759,Single,Male,1,MX5
26,5596,Single,Male,3,Zafira
21,42593,Divorced,Male,0,Corsa
22,18978,Divorced,Male,0,Corsa
28,21188,Single,Female,0,Corsa
57,46699,Single,Female,1,MX5
73,20873,Single,Male,0,BMW5
22,22801,Divorced,Male,3,Zafira
60,41886,Married,Male,0,BMW5
58,18359,Single,Female,0,Corsa
58,28396,Married,Male,0,BMW5
48,19894,Single,Male,0,BMW5
46,32217,Divorced,Male,0,BMW5
57,43581,Single,Female,2,MX5
50,43612,Married,Male,0,BMW5
33,43617,Widowed,Female,1,Corsa
37,31349,Single,Male,3,MX5
53,32463,Married,Male,3,Zafira
44,31557,Single,Female,4,MX5
54,36961,Single,Female,1,MX5
24,11907,Married,Male,4,Zafira
21,30612,Married,Male,0,Corsa
67,56624,Married,Male,4,BMW5
41,35244,Married,Female,4,Corsa
31,31908,Married,Female,3,Corsa
28,18983,Single,Male,4,Zafira
75,49484,Married,Male,1,BMW5
44,26492,Married,Male,2,Zafira
53,24213,Divorced,Female,3,Corsa
44,22462,Single,Male,0,BMW5
74,25744,Single,Female,1,Corsa
25,35703,Single,Male,1,MX5
65,53683,Married,Female,0,BMW5
52,45655,Single,Female,2,MX5
43,30723,Married,Male,3,Zafira
44,21097,Married,Male,2,Zafira
22,20755,Single,Female,3,Corsa
54,42891,Divorced,Male,2,Zafira
66,27220,Single,Male,0,BMW5
34,26012,Single,Female,1,Corsa
66,36146,Married,Male,3,Zafira
28,5000,Married,Male,2,Zafira
70,33859,Widowed,Male,0,BMW5
30,36305,Married,Male,1,Zafira
63,24777,Divorced,Female,4,Corsa
39,40077,Widowed,Female,1,Corsa
23,33043,Single,Female,0,MX5
53,18224,Single,Male,2,Zafira
23,41388,Divorced,Male,3,Zafira
67,33034,Married,Male,1,BMW5
53,23736,Single,Female,3,Corsa
71,35780,Single,Female,4,MX5
49,35408,Married,Male,1,Zafira
22,19057,Single,Female,1,Corsa
27,30057,Married,Female,4,Corsa
65,30392,Single,Female,0,MX5
57,36049,Single,Female,4,MX5
23,15183,Married,Female,1,Corsa
37,16602,Married,Male,3,Zafira
26,30680,Married,Female,3,Zafira
19,22049,Single,Male,1,Zafira
27,45719,Married,Male,2,Zafira
67,21866,Single,Female,4,Corsa
19,29662,Married,Female,2,Corsa
75,34303,Divorced,Female,0,Corsa
69,35400,Married,Male,3,Zafira
31,40037,Single,Male,3,MX5
49,25680,Married,Male,2,Zafira
38,24408,Married,Male,0,Corsa
61,18987,Married,Female,3,Corsa
22,25198,Single,Male,1,Zafira
32,35480,Single,Female,3,MX5
43,17223,Single,Female,1,Corsa
71,22842,Married,Female,4,Corsa
43,35048,Single,Male,3,MX5
52,41845,Married,Male,2,Zafira
74,36770,Single,Female,4,MX5
51,30373,Married,Male,0,BMW5
65,36821,Single,Female,4,MX5
49,31742,Divorced,Male,0,BMW5
21,44530,Single,Female,3,MX5
31,32763,Widowed,Male,0,Corsa
69,9885,Widowed,Female,3,Corsa
38,30812,Single,Male,0,MX5
49,44375,Married,Female,2,Corsa
35,25740,Married,Male,3,Zafira
33,32218,Married,Male,3,Zafira
40,35077,Married,Male,3,Zafira
30,10905,Divorced,Male,0,BMW5
59,28612,Married,Male,3,Zafira
29,30365,Married,Male,4,Zafira
73,27955,Single,Male,1,BMW5
38,42653,Widowed,Female,0,Corsa
27,44037,Widowed,Female,2,Corsa
47,46448,Married,Female,1,Corsa
57,16680,Married,Female,1,Corsa
19,29530,Married,Female,4,Corsa
56,33270,Married,Male,1,BMW5
29,41334,Married,Female,4,Corsa
77,36868,Married,Male,2,BMW5
59,11907,Married,Male,2,Zafira
52,18003,Single,Female,3,Zafira
28,29669,Single,Male,3,Zafira
46,5000,Single,Male,0,Corsa
67,37247,Single,Female,0,MX5
18,27537,Single,Female,2,Corsa
76,39665,Married,Male,0,BMW5
72,16308,Single,Male,1,Zafira
58,28531,Married,Female,3,Corsa
56,31073,Married,Female,2,Corsa
71,29950,Widowed,Female,4,Corsa
25,49801,Single,Female,2,MX5
60,33123,Widowed,Male,1,BMW5
20,20075,Married,Female,0,Corsa
27,45050,Divorced,Male,2,Zafira
19,28738,Divorced,Male,0,Corsa
64,29787,Married,Male,1,BMW5
49,28764,Single,Female,4,Corsa
53,37970,Married,Male,2,Zafira
35,33143,Married,Male,2,Zafira
40,31528,Married,Male,4,Zafira
59,38809,Married,Female,3,Corsa
27,30402,Married,Male,1,Zafira
55,31569,Divorced,Female,1,Corsa
62,22246,Single,Female,0,Corsa
31,37058,Single,Female,2,MX5
63,26808,Single,Female,0,Corsa
54,42206,Married,Male,4,Zafira
38,37674,Married,Male,1,Zafira
45,30415,Widowed,Female,3,Corsa
53,40112,Married,Female,2,Corsa
63,34141,Single,Male,4,MX5
35,32277,Single,Female,2,MX5
48,13999,Single,Male,0,BMW5
64,23244,Widowed,Female,1,Corsa
23,21560,Married,Male,0,Corsa
64,44814,Married,Female,2,Corsa
20,57644,Married,Male,2,Zafira
38,30754,Single,Female,0,MX5
51,16594,Single,Male,1,Zafira
53,25409,Married,Male,2,Zafira
59,40758,Divorced,Female,0,Corsa
34,16122,Married,Male,3,Zafira
48,17744,Single,Male,4,Zafira
72,30179,Divorced,Female,1,Corsa
31,19556,Single,Female,0,Corsa
20,33284,Divorced,Male,3,Zafira
31,28998,Married,Male,3,Zafira
34,16627,Single,Male,2,Zafira
68,39757,Widowed,Female,0,Corsa
51,20201,Single,Female,1,Corsa
37,16896,Single,Male,2,Zafira
48,11237,Married,Male,1,Zafira
28,18997,Married,Female,2,Corsa
52,26990,Married,Female,1,Corsa
53,28653,Divorced,Female,3,Corsa
69,24962,Married,Female,2,Corsa
24,30978,Divorced,Male,1,Corsa
27,18689,Married,Male,3,Zafira
71,46148,Single,Female,4,MX5
73,34210,Married,Female,3,Corsa
65,32427,Widowed,Female,0,Corsa
50,20916,Married,Female,1,Corsa
52,25225,Married,Male,2,Zafira
58,31198,Single,Female,3,MX5
70,18532,Single,Female,3,Corsa
43,31659,Married,Male,2,Zafira
51,39210,Single,Female,1,MX5
18,33682,Married,Male,0,Corsa
70,10427,Single,Female,2,Corsa
38,28599,Single,Female,0,Corsa
70,29345,Divorced,Female,4,Corsa
77,29333,Single,Male,3,Zafira
38,15858,Married,Female,0,Corsa
47,34395,Married,Female,0,Corsa
40,36899,Single,Female,3,MX5
52,27987,Single,Female,0,Corsa
18,37734,Divorced,Male,1,Zafira
75,23417,Married,Female,4,Zafira
63,26035,Single,Male,3,Zafira
43,45695,Single,Male,4,MX5
55,32713,Single,Female,2,MX5
42,45882,Married,Female,1,Corsa
55,43883,Married,Female,2,Corsa
20,19704,Single,Female,1,Corsa
63,14255,Widowed,Male,3,Zafira
33,28584,Married,Female,4,Zafira
66,34380,Married,Female,0,Corsa
28,28059,Widowed,Male,2,Zafira
72,29696,Married,Male,0,BMW5
40,40626,Divorced,Female,4,Corsa
21,34655,Single,Male,2,MX5
19,47403,Married,Male,2,Zafira
32,36687,Single,Female,1,MX5
24,24529,Single,Female,3,Corsa
21,34429,Single,Male,2,MX5
65,24650,Married,Female,4,Corsa
32,23229,Divorced,Male,1,Zafira
61,15114,Married,Female,2,Corsa
77,31931,Married,Male,3,Zafira
66,18478,Single,Female,3,Corsa
64,40920,Single,Female,0,MX5
55,18911,Single,Male,1,Zafira
43,35861,Married,Male,4,Zafira
25,29351,Single,Male,0,BMW5
75,21998,Married,Female,2,Zafira
47,28882,Married,Male,0,BMW5
19,40717,Divorced,Female,3,Corsa
43,36496,Widowed,Female,1,Corsa
25,27377,Married,Male,0,BMW5
39,35309,Single,Male,3,MX5
20,20720,Single,Female,2,Corsa
21,32944,Single,Female,2,MX5
40,17242,Widowed,Male,2,Zafira
18,11626,Single,Male,3,Zafira
69,17498,Widowed,Female,4,Zafira
42,27014,Single,Male,4,Zafira
52,24815,Widowed,Male,3,Zafira
56,27846,Married,Male,1,Zafira
37,39555,Single,Female,4,MX5
50,37692,Divorced,Male,3,Zafira
21,42569,Divorced,Male,2,Zafira
24,12678,Married,Male,2,Zafira
41,38997,Single,Male,2,MX5
43,40786,Widowed,Female,3,Corsa
65,20962,Married,Male,2,Zafira
76,42363,Married,Male,3,BMW5
61,13723,Widowed,Female,4,Corsa
27,37177,Single,Female,1,MX5
56,45932,Divorced,Male,2,BMW5
42,45508,Single,Female,2,MX5
25,38721,Single,Female,2,MX5
44,29846,Widowed,Male,3,Zafira
72,37230,Widowed,Female,0,BMW5
77,26115,Single,Female,3,Corsa
61,51463,Married,Female,3,Corsa
29,33471,Widowed,Female,0,Corsa
53,17834,Married,Male,1,Zafira
34,20909,Married,Male,2,Zafira
72,26448,Single,Male,0,BMW5
49,47423,Widowed,Male,2,Zafira
40,28629,Married,Female,4,Corsa
28,46955,Divorced,Female,1,Corsa
64,28029,Widowed,Male,2,Zafira
57,17552,Married,Male,0,Corsa
44,37781,Single,Male,1,MX5
21,24306,Widowed,Male,4,Zafira
44,33292,Married,Male,4,Zafira
72,15730,Widowed,Female,4,Corsa
33,31196,Married,Male,0,BMW5
26,32627,Single,Female,3,MX5
19,15899,Divorced,Female,0,Corsa
23,27137,Married,Female,3,Zafira
22,39037,Married,Male,2,Zafira
51,44582,Married,Female,2,Zafira
52,26776,Married,Male,3,Zafira
60,29014,Married,Male,1,Corsa
26,23568,Single,Female,2,Corsa
72,19284,Married,Female,4,Corsa
37,24216,Single,Male,1,Corsa
45,25873,Divorced,Male,3,Zafira
32,13724,Widowed,Female,0,Corsa
30,25002,Single,Male,2,Zafira
18,24798,Single,Male,1,Zafira
29,26954,Married,Male,2,Zafira
60,29731,Married,Female,3,Zafira
20,28855,Divorced,Male,2,Zafira
38,29649,Single,Male,1,Zafira
35,19363,Single,Female,0,Corsa
30,10657,Married,Female,3,Corsa
44,41922,Married,Male,3,Zafira
44,9209,Single,Male,0,Corsa
60,35719,Single,Female,4,MX5
50,34537,Widowed,Female,4,Corsa
56,25772,Married,Female,4,Corsa
18,45035,Single,Female,1,MX5
61,33678,Married,Male,4,Zafira
68,33676,Married,Female,4,Corsa
25,36581,Married,Male,1,Zafira
67,25175,Single,Male,1,Corsa
72,20900,Married,Female,3,Corsa
27,36806,Single,Female,1,MX5
25,44750,Single,Female,2,MX5
43,26728,Divorced,Female,1,Corsa
72,30876,Married,Female,4,Zafira
56,22420,Single,Male,3,Zafira
44,37869,Married,Female,0,Corsa
58,53844,Single,Male,0,MX5
38,24914,Divorced,Female,4,Corsa
74,27345,Married,Male,0,BMW5
54,26582,Divorced,Male,2,Zafira
66,32388,Married,Female,1,Corsa
20,45444,Widowed,Female,1,Corsa
28,43162,Single,Male,3,MX5
21,10185,Single,Male,3,Zafira
48,11472,Married,Male,3,Zafira
51,30835,Widowed,Female,1,Corsa
65,22629,Single,Female,1,Corsa
24,28889,Single,Male,4,Zafira
59,42195,Single,Male,4,MX5
76,27988,Divorced,Male,1,BMW5
21,25855,Married,Male,1,Zafira
40,26593,Married,Female,4,Zafira
44,29672,Single,Male,1,Corsa
30,20313,Single,Male,1,Corsa
69,33043,Single,Female,1,MX5
27,26456,Single,Male,4,Zafira
29,28022,Single,Male,0,Corsa
47,45791,Married,Male,0,BMW5
73,33731,Single,Female,0,MX5
69,38724,Single,Female,0,MX5
71,40141,Married,Female,2,Corsa
28,14597,Widowed,Female,0,Corsa
24,20864,Single,Female,0,Corsa
52,50517,Single,Female,1,MX5
37,29481,Divorced,Male,1,Zafira
73,23169,Single,Female,1,Corsa
50,43600,Single,Male,0,MX5
35,13025,Married,Female,0,Corsa
54,51601,Single,Male,4,MX5
27,25786,Single,Female,0,Corsa
65,36879,Married,Male,0,BMW5
36,32764,Married,Female,3,Corsa
47,20318,Married,Male,2,Zafira
21,28460,Single,Male,1,Zafira
20,30171,Widowed,Male,3,Zafira
38,13247,Married,Female,4,Corsa
62,36776,Married,Female,3,Corsa
34,30932,Single,Female,2,MX5
34,24790,Divorced,Male,1,Zafira
54,57239,Single,Female,4,MX5
20,23093,Single,Male,0,Corsa
21,19578,Married,Female,2,Corsa
19,36113,Married,Male,4,Zafira
22,40153,Widowed,Female,0,Corsa
42,27511,Widowed,Male,4,Zafira
57,32519,Single,Male,4,MX5
27,31555,Married,Male,4,Zafira
59,28626,Single,Female,2,Corsa
58,19181,Divorced,Female,3,Corsa
74,30663,Divorced,Female,4,Zafira
38,31433,Single,Male,3,MX5
70,46007,Widowed,Male,4,BMW5
66,39521,Married,Male,3,Zafira
52,51414,Married,Female,0,Corsa
31,21792,Single,Male,1,Corsa
67,14493,Single,Female,4,Corsa
50,19848,Single,Female,0,Corsa
73,33123,Single,Female,4,MX5
59,22177,Divorced,Male,0,Corsa
48,21161,Divorced,Female,3,Zafira
31,26304,Married,Male,4,Zafira
68,29546,Divorced,Female,2,Zafira
43,19381,Married,Male,1,Zafira
53,27247,Married,Male,2,Zafira
32,24722,Divorced,Female,4,Zafira
28,22021,Married,Female,2,Corsa
70,27578,Married,Female,3,Corsa
62,25150,Single,Male,4,Zafira
67,46242,Single,Female,0,MX5
72,17734,Married,Female,3,Corsa
43,31576,Single,Male,3,MX5
24,33865,Married,Female,4,Corsa
33,28536,Married,Female,1,Corsa
73,32283,Single,Male,1,MX5
49,7520,Divorced,Male,3,Zafira
33,40991,Divorced,Male,1,Zafira
59,34025,Single,Female,0,MX5
63,33304,Widowed,Male,4,Zafira
54,25103,Married,Male,0,Corsa
24,34231,Single,Female,4,MX5
43,31901,Single,Female,4,MX5
33,25699,Married,Female,1,Corsa
34,36553,Single,Female,1,MX5
61,19177,Single,Male,2,Zafira
38,45745,Married,Female,0,Corsa
58,52248,Divorced,Male,0,BMW5
23,52071,Single,Female,2,MX5
67,53215,Single,Male,0,MX5
58,24190,Divorced,Female,2,Corsa
37,22499,Divorced,Male,1,Zafira
66,18922,Married,Female,2,Corsa
43,27219,Widowed,Female,0,Corsa
76,34875,Married,Male,2,BMW5
52,34070,Single,Female,4,MX5
67,29811,Single,Female,0,Corsa
40,51327,Single,Female,1,MX5
22,26941,Divorced,Male,1,Zafira
27,27373,Single,Male,3,Zafira
54,30868,Divorced,Male,3,Zafira
24,32688,Married,Female,3,Zafira
34,37462,Widowed,Male,2,Zafira
56,18579,Married,Female,1,Corsa
38,33730,Widowed,Male,0,BMW5
22,25031,Single,Female,0,Corsa
76,34874,Single,Female,4,MX5
26,34222,Single,Female,3,MX5
69,27590,Married,Female,0,Corsa
55,16025,Married,Female,0,Corsa
48,24115,Divorced,Male,0,BMW5
77,10694,Widowed,Female,1,Corsa
46,23803,Single,Female,1,Corsa
27,38471,Married,Female,3,Zafira
68,35007,Widowed,Male,3,Zafira
46,30416,Married,Male,1,Corsa
31,40623,Single,Female,1,MX5
38,45723,Single,Female,3,MX5
38,36366,Single,Female,1,MX5
24,36597,Single,Male,1,MX5
28,31923,Married,Female,1,Corsa
36,42816,Single,Female,1,MX5
56,29580,Married,Female,3,Corsa
34,39217,Single,Male,1,MX5
49,35999,Married,Male,3,Zafira
71,31101,Widowed,Male,3,Zafira
47,19418,Married,Female,4,Corsa
29,36058,Divorced,Male,3,Zafira
74,29453,Married,Female,0,Corsa
32,44736,Married,Female,4,Zafira
72,27012,Single,Female,3,Corsa
23,56510,Single,Male,1,MX5
64,40226,Single,Male,3,MX5
35,41509,Divorced,Male,2,Zafira
48,29398,Married,Male,2,Zafira
66,36044,Single,Female,0,MX5
72,42310,Married,Male,0,BMW5
70,24073,Single,Female,0,Corsa
47,32602,Married,Male,3,Zafira
51,38405,Married,Female,3,Corsa
67,38690,Single,Female,3,MX5
57,39718,Married,Female,2,Corsa
47,23564,Married,Female,2,Corsa
42,28328,Single,Female,2,Corsa
54,24692,Single,Male,0,BMW5
48,30250,Divorced,Male,2,Zafira
71,38635,Widowed,Female,1,Corsa
69,22563,Single,Female,1,Corsa
75,15029,Single,Male,3,Zafira
38,57597,Single,Female,3,MX5
47,24813,Single,Female,4,Corsa
35,36331,Married,Female,4,Corsa
50,23202,Married,Female,3,Corsa
66,32823,Single,Male,0,MX5
51,45223,Married,Male,1,BMW5
74,52569,Married,Male,3,BMW5
51,41905,Married,Male,1,BMW5
48,27135,Married,Female,3,Zafira
27,19673,Single,Female,4,Zafira
35,30341,Married,Male,2,Zafira
46,27802,Widowed,Female,3,Corsa
73,12419,Widowed,Male,4,Zafira
61,29795,Widowed,Female,0,Corsa
74,36535,Married,Male,3,BMW5
68,31784,Single,Female,1,MX5
52,21870,Single,Male,0,Corsa
21,36283,Married,Male,2,Zafira
21,32342,Single,Female,1,MX5
61,17389,Single,Female,4,Corsa
64,32860,Single,Female,4,MX5
36,31696,Single,Female,3,MX5
31,19243,Single,Male,0,Corsa
47,35632,Married,Male,1,Zafira
24,20620,Married,Male,2,Zafira
26,36281,Single,Female,3,MX5
48,35013,Married,Male,0,BMW5
70,9768,Married,Male,2,Zafira
42,34448,Married,Female,2,Corsa
55,40908,Divorced,Male,4,Zafira
35,38246,Married,Male,1,Zafira
75,36377,Married,Female,3,BMW5
39,24153,Single,Male,0,Corsa
61,26438,Married,Male,1,Zafira
37,17502,Single,Male,0,Corsa
66,32551,Married,Male,1,BMW5
38,44604,Single,Male,1,MX5
48,32918,Married,Female,4,Zafira
37,26651,Married,Male,1,Zafira
65,26114,Single,Male,0,BMW5
65,15682,Single,Female,3,Zafira
22,5845,Single,Female,3,Corsa
61,35348,Single,Male,2,MX5
50,34552,Single,Female,3,MX5
41,19832,Widowed,Female,1,Corsa
22,31933,Married,Male,1,Zafira
19,31505,Married,Female,0,Corsa
55,33137,Single,Female,2,MX5
31,12169,Single,Female,4,Corsa
72,14928,Married,Female,4,Zafira
37,25785,Single,Female,0,Corsa
75,27483,Married,Female,1,Corsa
36,26459,Married,Female,2,Corsa
48,25503,Single,Male,1,Zafira
70,51301,Single,Female,0,MX5
55,51247,Single,Female,0,MX5
30,26291,Single,Female,2,Corsa
39,49117,Married,Female,2,Corsa
39,31342,Married,Female,2,Corsa
23,39225,Married,Female,0,Corsa
36,28323,Widowed,Male,4,Zafira
59,20276,Married,Male,2,Zafira
70,20560,Single,Male,2,Zafira
37,27748,Single,Female,0,Corsa
68,27580,Single,Male,1,BMW5
63,21532,Single,Female,3,Zafira
24,29357,Single,Male,2,Zafira
67,30238,Single,Female,3,MX5
31,28043,Married,Female,3,Corsa
30,17071,Married,Male,3,Zafira
65,52118,Single,Male,2,MX5
66,41527,Divorced,Male,1,BMW5
54,46169,Widowed,Male,1,BMW5
18,39633,Married,Female,0,Corsa
55,37459,Single,Female,2,MX5
40,44308,Single,Female,2,MX5
33,34857,Widowed,Female,2,Corsa
56,29361,Single,Male,4,Zafira
39,24516,Married,Male,1,Zafira
57,26897,Married,Female,3,Zafira
63,32133,Single,Female,2,MX5
51,32458,Married,Male,1,Zafira
37,44665,Married,Female,3,Zafira
73,27844,Single,Male,1,BMW5
44,32520,Single,Male,0,MX5
28,41521,Single,Male,2,MX5
56,31028,Divorced,Male,0,Corsa
61,25175,Married,Female,4,Corsa
45,25984,Married,Male,3,Zafira
53,52662,Divorced,Male,4,Zafira
66,25865,Married,Male,3,Zafira
31,18973,Single,Male,4,Zafira
18,35128,Married,Male,1,Zafira
37,31268,Married,Male,4,Zafira
53,10020,Married,Male,0,Corsa
53,27280,Single,Male,1,Zafira
47,39867,Single,Female,0,MX5
45,21254,Married,Female,2,Corsa
46,33663,Widowed,Female,1,Corsa
25,18513,Single,Male,3,Zafira
69,33357,Single,Female,4,MX5
21,13483,Widowed,Female,3,Zafira
38,29915,Divorced,Female,1,Corsa
47,24536,Single,Male,1,Zafira
31,35111,Married,Male,1,Zafira
45,23400,Married,Male,2,Zafira
39,22762,Married,Female,4,Corsa
38,34450,Married,Male,2,Zafira
50,30489,Married,Male,1,Zafira
67,16943,Single,Male,2,Zafira
18,18268,Single,Male,1,Zafira
63,25284,Married,Female,4,Corsa
41,20877,Single,Male,0,Corsa
73,31487,Single,Male,4,MX5
42,31033,Single,Male,3,MX5
20,30889,Single,Female,0,MX5
38,47658,Single,Male,0,MX5
32,26730,Widowed,Female,2,Corsa
61,40573,Widowed,Male,4,Zafira
64,5000,Single,Female,2,Corsa
24,40271,Divorced,Female,1,Corsa
64,21390,Single,Female,3,Corsa
22,46449,Married,Female,2,Corsa
32,31489,Married,Male,2,Zafira
73,47409,Married,Female,3,BMW5
72,27689,Single,Female,3,Corsa
60,32457,Widowed,Female,0,Corsa
68,36223,Married,Male,0,BMW5
50,38562,Single,Female,1,MX5
28,32242,Married,Male,2,Zafira
34,38539,Married,Male,4,Zafira
24,10519,Single,Male,2,Zafira
47,29074,Married,Male,2,Zafira
42,19118,Single,Female,0,Corsa
39,38886,Single,Male,2,MX5
51,35046,Divorced,Male,3,Zafira
62,35513,Widowed,Male,3,Zafira
48,19847,Married,Female,4,Corsa
71,49537,Married,Male,3,BMW5
20,36455,Married,Male,0,BMW5
31,45328,Single,Female,1,MX5
24,48585,Married,Male,1,Corsa
66,39917,Single,Male,2,MX5
21,35818,Single,Male,1,MX5
72,27231,Married,Male,1,BMW5
45,29330,Single,Female,0,Corsa
59,34780,Married,Female,3,Corsa
55,38319,Single,Male,4,MX5
32,19485,Single,Male,2,Zafira
46,20093,Divorced,Female,4,Corsa
38,21550,Single,Female,3,Corsa
29,25308,Married,Male,3,Zafira
49,57705,Married,Female,3,Corsa
20,48256,Divorced,Male,2,Zafira
27,23626,Single,Male,4,Zafira
71,28070,Married,Female,3,Corsa
75,21422,Married,Female,1,Corsa
65,38327,Married,Male,3,Zafira
44,38483,Single,Female,2,MX5
54,8413,Divorced,Male,4,Zafira
76,32969,Married,Male,4,Zafira
26,14755,Married,Female,1,Corsa
73,30656,Widowed,Male,4,Zafira
57,39321,Married,Female,4,Corsa
21,17779,Married,Female,2,Corsa
34,12057,Married,Male,3,Zafira
68,50813,Widowed,Male,1,BMW5
69,27122,Single,Female,0,Corsa
62,26322,Single,Male,0,BMW5
69,22133,Married,Female,3,Zafira
31,50961,Single,Male,4,MX5
25,30947,Single,Female,1,MX5
33,39037,Divorced,Male,3,Zafira
22,35482,Single,Male,2,MX5
20,31717,Married,Female,0,Corsa
44,35361,Divorced,Male,1,Zafira
67,21347,Widowed,Male,0,BMW5
40,34997,Widowed,Male,2,Zafira
36,33469,Single,Male,1,MX5
19,36458,Widowed,Male,3,Zafira
77,36708,Married,Male,0,BMW5
25,26549,Single,Female,0,Corsa
72,46000,Divorced,Male,2,BMW5
59,35416,Married,Female,1,Corsa
69,17247,Married,Female,4,Corsa
19,16604,Widowed,Male,4,Zafira
68,20171,Divorced,Female,0,Corsa
38,33046,Widowed,Male,4,Zafira
49,34768,Single,Female,2,MX5
74,36677,Married,Female,0,Corsa
75,43685,Divorced,Female,3,Corsa
26,52254,Single,Male,4,MX5
71,17544,Married,Male,1,Zafira
36,36272,Single,Male,4,MX5
61,28546,Single,Male,4,Zafira
20,22624,Married,Male,1,Zafira
76,38873,Married,Female,3,BMW5
32,18791,Married,Male,1,Zafira
36,42317,Married,Male,0,BMW5
20,34528,Widowed,Male,4,Zafira
19,8423,Single,Male,3,Zafira
51,17061,Single,Female,4,Corsa
34,19889,Single,Female,1,Corsa
70,22568,Married,Male,0,Corsa
69,32987,Divorced,Female,2,Corsa
36,17967,Married,Male,3,Zafira
27,50814,Single,Male,2,MX5
33,35401,Married,Female,4,Corsa
18,17990,Married,Male,3,Zafira
41,37047,Single,Male,3,MX5
43,34833,Single,Female,3,MX5
53,19972,Single,Female,1,Corsa
39,40262,Widowed,Female,1,Corsa
76,31947,Married,Female,0,Corsa
38,36971,Single,Male,4,MX5
52,22486,Single,Female,4,Zafira
37,39393,Married,Female,3,Corsa
56,34820,Single,Male,4,MX5
65,20101,Married,Male,4,Zafira
37,33830,Divorced,Male,3,Zafira
77,43781,Single,Male,2,MX5
18,37183,Married,Female,1,Corsa
56,27522,Divorced,Female,3,Corsa
70,34059,Married,Male,4,Zafira
24,40115,Single,Male,2,MX5
43,42366,Married,Male,3,Zafira
66,29875,Single,Female,3,Corsa
39,36325,Married,Female,0,Corsa
77,34626,Single,Male,2,MX5
45,14420,Divorced,Male,1,Zafira
72,27920,Married,Male,0,BMW5
47,32059,Married,Female,1,Corsa
29,28788,Single,Female,1,Corsa
39,21182,Single,Female,0,Corsa
54,28151,Married,Male,4,Zafira
44,31551,Married,Female,4,Zafira
75,17349,Married,Female,4,Corsa
31,31531,Single,Female,2,MX5
48,24638,Married,Male,3,Zafira
45,24993,Single,Male,1,Zafira
23,54746,Single,Male,2,MX5
58,47377,Married,Male,0,BMW5
45,39043,Single,Male,4,MX5
25,35096,Married,Female,3,Corsa
69,30526,Single,Male,4,MX5
52,33119,Married,Female,2,Corsa
28,18398,Single,Male,3,Zafira
23,23727,Single,Female,3,Corsa
23,43214,Divorced,Male,3,Zafira
52,21888,Single,Female,0,Corsa
41,22525,Widowed,Male,2,Zafira
45,24454,Married,Male,0,BMW5
32,34703,Single,Male,1,MX5
74,43557,Widowed,Female,1,BMW5
60,49695,Married,Female,3,Corsa
20,49950,Married,Female,0,Corsa
27,17265,Divorced,Female,4,Corsa
51,46153,Single,Male,3,MX5
35,29315,Married,Male,1,Zafira
42,44535,Married,Male,3,Zafira
72,40507,Divorced,Female,2,Corsa
51,19941,Widowed,Male,3,Zafira
62,20433,Single,Male,3,Zafira
68,54651,Divorced,Female,2,Corsa
24,29483,Married,Female,1,Corsa
69,46726,Married,Female,3,Corsa
18,23620,Single,Female,2,Corsa
38,16472,Single,Female,3,Zafira
50,32473,Married,Male,2,Zafira
35,40674,Widowed,Male,1,Corsa
41,37900,Married,Female,3,Corsa
40,9425,Married,Male,3,Zafira
24,19856,Widowed,Female,3,Corsa
76,33337,Divorced,Female,2,Corsa
45,12859,Single,Female,4,Corsa
77,14544,Single,Male,0,BMW5
52,33313,Widowed,Male,1,Corsa
57,38240,Single,Female,4,MX5
22,38439,Widowed,Female,3,Corsa
29,25548,Married,Male,4,Zafira
64,26133,Married,Male,0,Corsa
58,28835,Single,Female,1,Corsa
64,28873,Divorced,Female,2,Corsa
31,27565,Widowed,Male,1,Zafira
28,39407,Married,Female,0,Corsa
56,25371,Widowed,Male,4,Zafira
72,43069,Single,Female,0,MX5
76,28076,Divorced,Female,4,Corsa
50,19395,Married,Female,3,Zafira
71,14034,Single,Male,3,Zafira
47,35715,Single,Male,0,MX5
61,24926,Single,Female,3,Corsa
67,28115,Single,Female,4,Corsa
63,21526,Widowed,Female,4,Corsa
47,36279,Married,Female,3,Corsa
37,26444,Widowed,Male,3,Zafira
27,39806,Single,Female,0,MX5
50,34393,Divorced,Female,3,Corsa
23,26007,Widowed,Female,4,Corsa
71,34023,Single,Female,3,MX5
66,27824,Divorced,Female,4,Corsa
75,28748,Married,Male,2,Zafira
61,34456,Married,Male,2,Zafira
73,27457,Single,Female,3,Corsa
30,26418,Single,Female,2,Corsa
32,28829,Divorced,Male,3,Zafira
60,42584,Married,Male,0,BMW5
44,41382,Single,Male,4,MX5
30,43222,Single,Female,2,MX5
70,33028,Married,Male,2,Zafira
60,33776,Single,Male,1,MX5
52,23365,Single,Female,4,Corsa
68,37367,Single,Male,0,MX5
49,5000,Single,Female,2,Zafira
28,31784,Married,Female,0,Corsa
41,22347,Single,Male,2,Zafira
30,35482,Single,Female,3,MX5
58,33606,Married,Female,2,Corsa
47,17935,Single,Female,3,Corsa
26,24084,Married,Male,3,Zafira
22,33290,Married,Female,2,Corsa
58,22790,Single,Female,4,Zafira
58,21952,Single,Female,3,Zafira
73,24807,Married,Female,2,Corsa
38,28913,Married,Male,1,Zafira
22,23666,Single,Male,1,Zafira
48,39904,Married,Male,4,Zafira
60,20315,Single,Female,3,Zafira
30,43395,Married,Female,4,Corsa
18,19143,Married,Male,0,Corsa
58,40178,Single,Female,0,MX5
48,35146,Married,Female,3,Corsa
51,31017,Single,Male,1,MX5
62,50597,Single,Female,0,MX5
49,35905,Single,Male,1,MX5
76,36685,Widowed,Female,2,Corsa
70,25704,Married,Female,0,Corsa
77,25693,Married,Male,1,BMW5
58,32711,Married,Female,2,Corsa
34,43660,Married,Male,0,Corsa
27,20036,Divorced,Male,0,Corsa
61,20986,Married,Female,0,Corsa
73,45201,Divorced,Male,1,BMW5
43,37763,Single,Female,0,MX5
36,32774,Married,Female,4,Corsa
75,21317,Single,Female,0,Corsa
74,34718,Married,Female,1,Corsa
35,34232,Single,Female,0,MX5
74,28366,Single,Male,3,Zafira
56,19870,Single,Male,0,BMW5
50,20321,Married,Female,1,Corsa
64,38889,Married,Female,2,Corsa
52,19750,Widowed,Female,2,Corsa
61,31822,Widowed,Male,4,Zafira
72,14640,Single,Female,0,Corsa
23,13918,Single,Female,0,Corsa
42,29579,Widowed,Male,1,Corsa
45,26971,Married,Female,4,Corsa
53,41931,Married,Female,3,Corsa
38,22899,Widowed,Male,1,Corsa
30,31350,Married,Male,2,Zafira
63,9313,Married,Male,1,Corsa
42,32538,Married,Male,1,Corsa
31,19958,Divorced,Male,2,Zafira
73,29669,Single,Female,2,Corsa
34,42725,Single,Male,4,MX5
50,27495,Single,Male,2,Zafira
28,11775,Widowed,Female,2,Corsa
45,29095,Married,Male,2,Zafira
46,27415,Married,Female,1,Corsa
41,53048,Widowed,Male,1,BMW5
25,34545,Single,Female,3,MX5
59,9857,Married,Male,0,BMW5
41,30320,Married,Male,0,BMW5
44,50124,Divorced,Female,4,Corsa
72,39562,Single,Female,2,MX5
51,25699,Married,Male,0,Corsa
32,25041,Married,Female,0,Corsa
54,45110,Married,Female,0,Corsa
70,18373,Single,Female,3,Corsa
25,49654,Single,Female,4,MX5
30,28562,Married,Male,0,Corsa
26,20842,Single,Male,1,Zafira
71,67789,Married,Female,3,BMW5
60,39976,Single,Female,0,MX5
18,53265,Single,Male,3,MX5
25,21730,Single,Male,0,Corsa
58,26018,Widowed,Female,1,Corsa
24,35076,Single,Male,4,MX5
63,18885,Married,Male,3,Zafira
49,27240,Single,Female,4,Corsa
21,12466,Single,Female,1,Corsa
59,33902,Divorced,Female,3,Corsa
43,31718,Married,Female,0,Corsa
76,24621,Married,Male,1,Corsa
73,37514,Widowed,Female,1,Corsa
61,36161,Single,Male,4,MX5
26,23673,Married,Female,0,Corsa
19,25691,Single,Male,3,Zafira
59,50641,Widowed,Female,4,Corsa
57,41623,Single,Female,1,MX5
26,15831,Married,Female,3,Zafira
56,44981,Single,Male,1,MX5
69,34471,Married,Female,0,Corsa
23,30629,Married,Male,3,Zafira
19,26046,Married,Female,4,Corsa
37,44475,Single,Female,3,MX5
35,33586,Single,Male,0,MX5
26,33568,Single,Female,4,MX5
43,22158,Single,Female,4,Zafira
35,37554,Widowed,Female,4,Corsa
43,35435,Single,Female,1,MX5
68,25560,Married,Male,4,Zafira
29,24538,Single,Female,0,Corsa
28,23532,Single,Male,4,Zafira
24,23299,Single,Female,4,Zafira
21,26927,Married,Male,1,Zafira
58,41244,Divorced,Male,4,Zafira
36,21267,Single,Female,1,Corsa
76,24621,Single,Female,4,Zafira
36,35542,Single,Female,1,MX5
58,40954,Single,Female,4,MX5
72,35173,Married,Male,1,BMW5
74,32229,Married,Male,0,BMW5
40,23955,Married,Female,1,Corsa
68,24292,Married,Male,1,Corsa
68,18938,Married,Male,1,Zafira
47,23552,Married,Female,4,Zafira
45,25813,Married,Female,1,Corsa
60,26710,Married,Male,1,Zafira
22,11847,Divorced,Female,4,Corsa
40,36435,Divorced,Female,2,Corsa
70,43300,Married,Female,2,Corsa
18,35498,Single,Male,3,MX5
34,30965,Single,Female,2,MX5
45,20679,Single,Female,3,Corsa
31,35190,Married,Male,2,Zafira
60,38344,Single,Male,1,MX5
53,31952,Divorced,Female,2,Corsa
29,27653,Single,Female,4,Corsa
38,20090,Single,Male,3,Zafira
71,45352,Married,Male,1,BMW5
44,41068,Single,Male,0,MX5
37,39532,Married,Female,1,Corsa
65,23195,Married,Female,2,Corsa
71,17021,Married,Female,3,Corsa
40,5000,Married,Female,1,Corsa
28,26154,Single,Female,2,Corsa
39,30636,Married,Female,3,Corsa
28,12737,Single,Female,0,Corsa
75,23457,Divorced,Male,2,Zafira
29,31447,Married,Female,0,Corsa
19,27908,Widowed,Female,4,Corsa
53,32643,Single,Female,2,MX5
26,28072,Married,Male,2,Zafira
24,30098,Widowed,Female,1,Corsa
37,11356,Married,Male,2,Zafira
50,26892,Married,Male,2,Zafira
48,35105,Single,Female,4,MX5
33,22368,Widowed,Male,4,Zafira
20,44840,Married,Female,0,Corsa
55,33524,Single,Female,1,MX5
59,32162,Widowed,Female,0,Corsa
37,32459,Single,Male,3,MX5
77,43248,Single,Male,0,MX5
37,41591,Married,Male,1,Corsa
23,27292,Widowed,Male,2,Zafira
43,28582,Married,Female,4,Corsa
52,36526,Widowed,Male,2,Zafira
37,38675,Single,Female,3,MX5
67,31491,Married,Female,2,Corsa
56,40031,Married,Male,2,Zafira
44,18080,Single,Male,2,Zafira
38,21238,Single,Male,3,Zafira
54,20450,Married,Male,2,Zafira
35,30357,Divorced,Male,3,Zafira
47,14814,Married,Female,4,Corsa
25,11300,Single,Male,3,Zafira
60,23692,Single,Male,2,Zafira
22,34513,Single,Female,0,MX5
46,25558,Married,Female,4,Zafira
42,29160,Married,Male,3,Zafira
58,35790,Married,Male,0,BMW5
41,33771,Divorced,Female,0,Corsa
55,26556,Single,Male,3,Zafira
60,34420,Single,Male,3,MX5
44,18658,Married,Female,0,Corsa
20,33976,Married,Female,2,Corsa
66,17695,Single,Male,0,Corsa
21,11448,Married,Female,0,Corsa
45,26654,Married,Male,1,Zafira
65,37201,Married,Male,2,BMW5
61,42232,Single,Male,4,MX5
49,44491,Widowed,Male,2,Zafira
75,39198,Widowed,Female,1,Corsa
60,58751,Widowed,Male,1,BMW5
66,28366,Widowed,Male,3,Zafira
45,23451,Married,Female,3,Zafira
35,20785,Married,Female,3,Zafira
77,41675,Divorced,Female,2,Corsa
67,25692,Married,Male,4,Zafira
77,35094,Married,Male,3,BMW5
63,42739,Married,Female,2,Corsa
58,36774,Widowed,Male,4,Zafira
50,18346,Widowed,Female,2,Corsa
28,21601,Married,Male,3,Zafira
39,19972,Married,Male,2,Zafira
32,42823,Married,Male,1,Zafira
24,17540,Married,Female,3,Corsa
36,27650,Married,Female,0,Corsa
72,28429,Widowed,Female,3,Zafira
46,14948,Married,Male,1,Zafira
52,39250,Married,Female,0,Corsa
35,27901,Single,Female,0,Corsa
36,27599,Single,Male,4,Zafira
19,25677,Married,Female,0,Corsa
63,53215,Married,Male,0,BMW5
49,21657,Single,Male,0,Corsa
32,34208,Single,Male,4,MX5
45,40609,Divorced,Male,3,Zafira
31,25710,Married,Female,4,Corsa
72,22533,Married,Male,0,BMW5
66,23132,Married,Male,4,Zafira
40,29463,Married,Male,3,Zafira
74,8271,Single,Male,2,Zafira
74,30287,Married,Male,3,Zafira
34,34692,Single,Male,4,MX5
35,40504,Widowed,Female,0,Corsa
67,32870,Single,Male,0,MX5
62,49364,Single,Male,1,MX5
57,28869,Widowed,Female,2,Corsa
31,30962,Married,Female,1,Corsa
23,51585,Single,Female,3,MX5
30,23958,Single,Female,4,Corsa
69,22628,Divorced,Male,1,Zafira
23,22573,Widowed,Male,4,Zafira
59,30336,Single,Female,0,MX5
28,35823,Divorced,Male,2,Zafira
63,29130,Single,Female,4,Corsa
63,19438,Divorced,Male,1,Zafira
30,19702,Married,Male,0,BMW5
23,28055,Widowed,Male,2,Zafira
46,32812,Married,Male,0,BMW5
40,44140,Married,Male,3,Zafira
63,35576,Single,Male,2,MX5
46,33683,Married,Male,2,Zafira
31,31129,Single,Male,2,MX5
41,33835,Single,Female,0,MX5
69,36483,Single,Male,4,MX5
18,31927,Married,Male,2,Zafira
39,37304,Married,Female,3,Corsa
18,30321,Single,Female,2,MX5
77,14446,Single,Female,2,Corsa
33,37839,Married,Male,2,Zafira
21,19846,Single,Female,3,Zafira
36,42716,Married,Female,0,Corsa
24,54318,Married,Female,3,Corsa
29,5107,Widowed,Male,4,Zafira
69,21091,Single,Male,2,Zafira
62,47040,Single,Male,3,MX5
39,21312,Married,Male,0,Corsa
22,31130,Single,Female,0,MX5
48,44553,Married,Female,3,Corsa
24,30515,Married,Male,0,Corsa
49,40230,Married,Female,4,Corsa
65,36965,Married,Female,2,Corsa
55,25738,Married,Male,4,Zafira
77,24432,Married,Female,3,Corsa
23,17251,Single,Male,2,Zafira
57,29895,Married,Male,1,Zafira
54,33931,Single,Female,3,MX5
35,17022,Single,Female,4,Corsa
55,30449,Married,Female,0,Corsa
27,20105,Married,Female,0,Corsa
70,37835,Single,Male,4,MX5
30,24629,Single,Female,4,Corsa
65,48473,Single,Male,2,MX5
49,46390,Single,Female,3,MX5
19,12751,Single,Male,3,Zafira
19,36995,Married,Male,3,Zafira
32,27771,Single,Female,3,Corsa
34,35679,Single,Female,4,MX5
49,25559,Divorced,Female,3,Corsa
56,27555,Married,Male,3,Zafira
35,32173,Married,Male,4,Zafira
28,22242,Married,Male,2,Zafira
76,52767,Married,Female,1,BMW5
41,29965,Married,Female,1,Corsa
32,41091,Single,Male,0,MX5
59,5226,Widowed,Female,4,Corsa
75,22299,Single,Male,4,Zafira
44,32829,Married,Female,0,Corsa
48,23976,Single,Female,2,Corsa
20,32885,Married,Male,3,Zafira
24,33285,Single,Male,2,MX5
61,39805,Married,Male,2,BMW5
51,19537,Widowed,Male,0,Corsa
51,34518,Divorced,Male,0,BMW5
43,23886,Married,Male,1,Zafira
77,32589,Single,Female,2,MX5
42,16144,Single,Male,1,Corsa
22,41548,Married,Male,0,Corsa
36,6131,Single,Male,0,Corsa
31,25119,Single,Male,0,Corsa
37,44433,Married,Male,4,Zafira
42,20017,Married,Female,4,Corsa
47,18159,Single,Female,1,Corsa
58,40073,Single,Female,0,MX5
24,25414,Married,Male,2,Zafira
34,20963,Single,Female,4,Corsa
43,49723,Single,Female,4,MX5
62,35199,Single,Male,3,MX5
75,40901,Married,Male,4,BMW5
39,20154,Divorced,Male,3,Zafira
27,38274,Single,Female,3,MX5
54,35612,Widowed,Female,0,Corsa
20,39904,Single,Male,4,MX5
53,20140,Married,Female,2,Corsa
22,25420,Widowed,Male,4,Zafira
30,53724,Single,Female,3,MX5
61,37981,Single,Female,1,MX5
39,38697,Single,Male,3,MX5
75,42467,Married,Female,0,BMW5
35,17922,Married,Female,0,Corsa
45,20107,Widowed,Male,0,Corsa
27,23733,Married,Female,0,Corsa
44,26298,Single,Male,1,Zafira
47,10981,Married,Male,1,Corsa
34,31352,Single,Male,1,MX5
25,28504,Single,Male,4,Zafira
39,26013,Single,Female,3,Corsa
54,7431,Single,Male,4,Zafira
71,23074,Married,Male,3,Zafira
21,33849,Married,Male,0,Corsa
21,38475,Married,Male,1,Corsa
65,29502,Widowed,Male,2,Zafira
59,18003,Single,Male,3,Zafira
49,48191,Married,Female,0,BMW5
28,31708,Single,Male,2,MX5
55,32509,Single,Female,4,MX5
60,17815,Married,Male,1,Zafira
40,30148,Single,Male,2,MX5
70,21011,Single,Male,1,Zafira
72,12259,Single,Female,4,Zafira
69,17479,Married,Female,0,Corsa
23,15705,Single,Male,1,Zafira
20,26921,Married,Female,0,Corsa
18,34064,Single,Female,2,MX5
68,59129,Single,Female,1,MX5
19,29660,Married,Male,2,Zafira
75,45547,Single,Male,0,MX5
70,23456,Single,Male,4,Zafira
69,37092,Married,Male,4,Zafira
30,20486,Married,Male,4,Zafira
20,43717,Married,Male,0,Corsa
58,15839,Single,Male,4,Zafira
59,33195,Married,Female,0,Corsa
37,40105,Divorced,Female,2,Corsa
46,25722,Divorced,Male,1,Zafira
26,22656,Married,Female,1,Corsa
52,44367,Married,Female,1,Corsa
59,31046,Married,Male,2,Zafira
38,19819,Married,Female,4,Corsa
60,47917,Married,Female,0,Corsa
25,39373,Widowed,Male,4,Zafira
67,34272,Single,Male,1,MX5
32,19683,Divorced,Male,1,Zafira
19,23430,Married,Female,4,Corsa
77,16119,Married,Male,2,Zafira
18,18547,Married,Female,1,Corsa
22,24627,Married,Male,1,Zafira
21,23748,Married,Male,1,Zafira
50,35534,Single,Male,4,MX5
35,7047,Married,Male,3,Zafira
56,20782,Single,Male,2,Zafira
58,46567,Single,Female,2,MX5
69,16183,Married,Female,3,Corsa
48,40945,Single,Male,1,MX5
55,56259,Single,Male,3,MX5
75,18983,Married,Male,2,Zafira
75,29689,Single,Male,0,BMW5
75,5000,Married,Female,2,Corsa
28,36845,Married,Female,2,Corsa
19,38633,Single,Male,1,MX5
72,41170,Married,Male,0,BMW5
27,34151,Divorced,Female,2,Corsa
35,30688,Married,Male,0,Corsa
71,22435,Single,Female,4,Corsa
70,39032,Married,Male,2,BMW5
70,37506,Single,Female,1,MX5
25,17233,Single,Male,1,Corsa
53,22655,Married,Male,4,Zafira
56,27650,Single,Female,4,Zafira
34,37717,Single,Female,0,MX5
30,36071,Married,Female,3,Corsa
60,36757,Married,Male,2,Zafira
70,29242,Married,Male,4,Zafira
75,28846,Single,Male,1,BMW5
61,17072,Widowed,Male,1,Zafira
34,26550,Married,Male,3,Zafira
67,22106,Married,Male,3,Zafira
34,17372,Single,Male,0,Corsa
50,21146,Single,Male,0,BMW5
65,35131,Married,Male,0,BMW5
22,19946,Divorced,Female,1,Corsa
58,31859,Single,Female,2,MX5
20,40434,Married,Female,3,Corsa
74,37957,Married,Female,4,Zafira
23,33953,Single,Female,0,MX5
63,15114,Single,Male,1,Zafira
47,19233,Divorced,Male,1,Zafira
77,32303,Married,Male,1,BMW5
32,24959,Married,Male,1,Zafira
49,17458,Married,Female,0,Corsa
38,42696,Married,Male,1,Zafira
68,17075,Divorced,Female,4,Zafira
34,38915,Widowed,Female,4,Zafira
73,28737,Single,Female,4,Corsa
47,40542,Single,Female,1,MX5
52,52056,Widowed,Male,2,BMW5
53,36291,Widowed,Male,0,Corsa
68,38479,Single,Male,4,MX5
46,34950,Married,Female,2,Corsa
54,32584,Married,Male,4,Zafira
32,16869,Single,Female,1,Corsa
26,35703,Married,Male,2,Zafira
24,20660,Single,Female,1,Corsa
64,34907,Divorced,Male,1,BMW5
74,20619,Single,Male,0,Corsa
41,54496,Divorced,Female,0,Corsa
28,23230,Single,Female,4,Corsa
74,29213,Widowed,Male,2,Zafira
64,41376,Widowed,Female,2,Corsa
67,23080,Single,Female,0,Corsa
54,30265,Single,Male,0,MX5
71,24055,Married,Male,4,Zafira
72,22648,Married,Female,2,Corsa
58,11921,Single,Male,2,Zafira
21,17394,Married,Female,0,Corsa
73,26418,Divorced,Male,0,BMW5
75,24048,Single,Male,4,Zafira
68,30441,Married,Female,4,Corsa
39,38725,Married,Female,0,Corsa
58,20206,Single,Male,4,Zafira
60,24897,Married,Male,1,Zafira
64,17077,Married,Female,0,Corsa
59,30569,Married,Female,3,Corsa
70,22575,Divorced,Female,0,Corsa
38,20450,Divorced,Female,4,Corsa
29,43207,Married,Male,3,Zafira
60,25913,Married,Female,2,Corsa
77,33535,Single,Female,2,MX5
22,33657,Married,Female,4,Corsa
43,34002,Married,Female,3,Corsa
29,25482,Single,Female,2,Corsa
40,39130,Single,Female,4,MX5
63,44712,Married,Female,3,Corsa
32,36988,Single,Female,0,MX5
66,26330,Widowed,Female,0,Corsa
77,27213,Single,Male,2,Zafira
51,26218,Single,Male,2,Zafira
55,21612,Married,Female,2,Corsa
24,20989,Married,Female,0,Corsa
25,34513,Single,Male,0,MX5
20,37438,Single,Male,4,MX5
59,35256,Single,Female,2,MX5
62,25818,Married,Male,1,Zafira
69,57654,Divorced,Female,4,BMW5
23,45906,Married,Male,1,Zafira
40,22925,Single,Male,4,Zafira
76,42764,Divorced,Female,0,Corsa
61,64558,Single,Male,1,MX5
49,33780,Widowed,Male,4,Zafira
65,34595,Single,Female,2,MX5
61,54331,Married,Female,2,Corsa
65,49405,Single,Male,4,MX5
71,19810,Married,Female,3,Corsa
59,37046,Single,Female,1,MX5
55,24570,Single,Female,3,Corsa
23,9534,Single,Male,0,Corsa
20,16387,Divorced,Female,1,Corsa
25,34047,Married,Male,2,Zafira
31,16685,Single,Male,4,Zafira
71,18343,Married,Female,2,Corsa
44,27111,Single,Female,4,Zafira
44,9871,Married,Male,1,Zafira
21,44013,Single,Female,4,MX5
68,44524,Divorced,Female,3,Corsa
49,36834,Single,Male,2,MX5
24,31330,Single,Male,3,MX5
55,38552,Married,Male,0,BMW5
30,9629,Married,Male,2,Zafira
48,35006,Married,Male,2,Zafira
42,27381,Married,Female,3,Corsa
76,15597,Widowed,Female,2,Zafira
40,27049,Married,Male,2,Zafira
29,22776,Married,Male,4,Zafira
64,19755,Single,Male,1,Corsa
60,32826,Married,Female,3,Corsa
75,18330,Married,Female,1,Corsa
32,39530,Single,Female,2,MX5
28,46965,Single,Male,0,MX5
62,27889,Single,Female,0,Corsa
27,27891,Single,Female,0,Corsa
24,49497,Married,Male,4,Zafira
27,30390,Single,Female,2,MX5
26,23394,Single,Female,1,Corsa
22,13436,Single,Female,1,Corsa
55,28853,Single,Female,4,Corsa
48,27365,Single,Female,2,Corsa
27,26199,Widowed,Female,1,Corsa
52,12760,Married,Male,0,Corsa
29,25862,Single,Male,2,Zafira
28,24726,Married,Male,0,Corsa
27,29972,Single,Male,2,Zafira
77,12182,Married,Female,3,Corsa
39,25356,Single,Female,1,Corsa
33,38976,Single,Male,4,MX5
31,52935,Single,Female,0,MX5
19,23500,Single,Female,2,Corsa
45,33955,Married,Male,2,Zafira
32,48452,Single,Female,4,MX5
35,34726,Divorced,Female,2,Corsa
31,13156,Single,Female,1,Corsa
63,37690,Single,Male,3,MX5
76,39364,Widowed,Male,2,BMW5
26,48770,Married,Male,0,BMW5
30,18907,Single,Male,1,Zafira
49,19186,Single,Female,4,Corsa
19,7788,Single,Male,0,Corsa
68,12916,Divorced,Male,4,Zafira
55,24756,Married,Female,0,Corsa
18,38735,Single,Female,1,MX5
62,37993,Married,Female,3,Corsa
64,33964,Married,Female,4,Zafira
74,38739,Widowed,Male,2,BMW5
76,40157,Widowed,Female,1,Corsa
41,40129,Married,Male,1,Zafira
55,36422,Divorced,Male,0,BMW5
68,41287,Married,Female,3,Corsa
49,42269,Single,Male,4,MX5
48,39882,Divorced,Female,0,Corsa
63,25217,Married,Male,1,Zafira
44,45975,Single,Male,0,MX5
18,35899,Single,Male,0,MX5
38,26210,Widowed,Female,3,Zafira
66,32543,Married,Male,3,Zafira
76,17085,Single,Female,3,Corsa
62,24270,Married,Male,3,Zafira
63,18490,Single,Female,3,Corsa
62,22428,Married,Female,0,Corsa
44,17767,Widowed,Male,1,Zafira
51,36188,Single,Male,1,MX5
66,40667,Single,Female,3,MX5
76,18558,Divorced,Female,2,Corsa
37,23995,Married,Male,1,Zafira
35,32617,Married,Female,4,Corsa
39,16250,Married,Female,3,Zafira
70,22619,Single,Female,4,Corsa
18,28779,Single,Male,2,Zafira
43,42818,Married,Female,1,Corsa
70,31699,Single,Male,3,MX5
48,20243,Single,Male,3,Zafira
64,15691,Married,Male,1,Zafira
20,30110,Married,Male,2,Zafira
70,29615,Married,Male,2,Zafira
27,9156,Married,Female,3,Zafira
70,37316,Single,Female,2,MX5
39,24697,Single,Female,1,Corsa
19,28275,Married,Female,4,Corsa
31,38739,Single,Male,1,MX5
38,37955,Married,Male,0,Corsa
59,26374,Married,Female,2,Corsa
23,19550,Single,Female,2,Corsa
20,21549,Single,Female,0,Corsa
34,40188,Single,Female,2,MX5
76,36216,Single,Female,1,MX5
32,25196,Widowed,Female,4,Zafira
66,26044,Widowed,Female,2,Corsa
62,28108,Married,Male,2,Zafira
72,36704,Married,Male,0,BMW5
74,34586,Widowed,Male,2,BMW5
37,22511,Married,Female,4,Corsa
70,48183,Widowed,Female,1,Corsa
65,16018,Single,Male,0,BMW5
46,29969,Single,Male,4,Zafira
67,37529,Married,Male,3,Zafira
63,30847,Married,Male,3,Zafira
58,19260,Single,Male,3,Zafira
28,19449,Divorced,Male,2,Zafira
45,35019,Widowed,Male,3,Zafira
76,22688,Married,Female,2,Corsa
58,40386,Widowed,Male,2,Zafira
72,26997,Divorced,Female,0,Corsa
67,28362,Single,Female,4,Corsa
74,38463,Single,Female,1,MX5
67,25530,Married,Female,1,Corsa
65,27848,Single,Female,2,Corsa
45,42397,Single,Male,0,MX5
34,33823,Married,Female,0,Corsa
20,33082,Single,Female,3,MX5
69,29737,Single,Male,3,Zafira
58,19416,Married,Female,2,Corsa
67,34015,Single,Male,1,MX5
20,38446,Single,Female,1,MX5
63,23633,Married,Female,3,Corsa
43,32418,Single,Female,3,MX5
46,31701,Married,Female,3,Corsa
30,12716,Single,Female,1,Corsa
67,25486,Married,Female,1,Corsa
45,31743,Single,Female,4,MX5
70,22545,Widowed,Female,1,Corsa
47,39635,Married,Female,1,Corsa
55,31619,Married,Male,1,Zafira
41,31670,Single,Male,0,MX5
49,22512,Divorced,Female,3,Corsa
49,23850,Single,Male,0,BMW5
50,39133,Single,Female,2,MX5
23,32642,Widowed,Female,4,Corsa
55,35913,Divorced,Female,4,Zafira
41,29930,Married,Male,3,Zafira
65,27422,Married,Male,3,Zafira
36,27950,Single,Female,0,Corsa
72,13597,Single,Female,2,Corsa
26,37028,Single,Male,2,MX5
49,32201,Single,Male,2,MX5
52,30329,Married,Female,1,Corsa
46,37982,Married,Female,4,Zafira
61,18836,Married,Female,4,Corsa
68,34968,Single,Male,0,MX5
51,44234,Widowed,Female,0,Corsa
55,39952,Widowed,Male,3,Zafira
63,15807,Divorced,Male,4,Zafira
40,34173,Married,Male,1,Zafira
33,5178,Married,Male,3,Zafira
70,27793,Widowed,Male,3,Zafira
31,38749,Single,Male,4,MX5
34,42992,Single,Male,0,MX5
69,19443,Single,Female,1,Corsa
54,30471,Married,Female,1,Corsa
35,21703,Single,Male,0,Corsa
57,40047,Married,Female,0,Corsa
76,37773,Single,Female,0,MX5
24,15181,Single,Male,3,Zafira
20,40496,Married,Male,1,Zafira
53,39300,Single,Male,4,MX5
25,19297,Widowed,Male,1,Zafira
47,20259,Married,Male,1,Zafira
39,17634,Single,Male,1,Corsa
40,31319,Married,Female,0,Corsa
25,41071,Married,Male,3,Zafira
26,25581,Widowed,Male,4,Zafira
30,21541,Single,Female,2,Corsa
18,14280,Widowed,Male,4,Zafira
69,39042,Married,Male,2,BMW5
59,17149,Married,Female,0,Corsa
24,18806,Single,Female,0,Corsa
60,29878,Married,Female,1,Corsa
36,14930,Married,Female,0,Corsa
65,25743,Single,Female,2,Corsa
73,29646,Married,Male,2,Zafira
48,26342,Widowed,Female,2,Corsa
76,33069,Single,Male,1,MX5
57,11240,Married,Male,3,Zafira
58,38900,Married,Male,2,Zafira
41,27619,Widowed,Female,1,Corsa
58,33671,Married,Male,2,Zafira
28,28132,Married,Male,0,Corsa
18,31857,Single,Male,1,MX5
69,28282,Divorced,Male,0,BMW5
61,45899,Widowed,Male,0,BMW5
19,44470,Married,Female,4,Zafira
22,40644,Married,Female,4,Corsa
38,38672,Married,Male,2,Zafira
62,27380,Single,Female,0,Corsa
36,26560,Divorced,Female,2,Corsa
74,31454,Single,Male,0,MX5
62,19991,Married,Male,3,Zafira
72,36680,Married,Female,1,Corsa
49,12232,Married,Female,2,Corsa
61,40994,Married,Male,4,Zafira
26,29313,Single,Male,2,Zafira
46,45874,Married,Female,2,Corsa
62,33791,Single,Male,2,MX5
69,37469,Married,Male,4,Zafira
60,18412,Single,Female,1,Corsa
42,21673,Single,Female,3,Corsa
70,34593,Married,Male,0,BMW5
74,40261,Married,Female,3,Corsa
68,27772,Single,Male,3,Zafira
28,49734,Widowed,Female,2,Corsa
29,38878,Single,Female,0,MX5
36,32798,Single,Male,1,MX5
72,12551,Single,Female,2,Corsa
28,48042,Single,Female,3,MX5
21,27193,Divorced,Female,3,Corsa
32,16101,Married,Male,2,Zafira
67,21498,Single,Male,4,Zafira
54,46236,Single,Female,1,MX5
23,22257,Married,Female,2,Corsa
43,5924,Widowed,Female,4,Corsa
38,18738,Married,Female,2,Corsa
42,34697,Married,Male,4,Zafira
64,29173,Married,Male,3,Zafira
20,40121,Single,Male,3,MX5
45,25305,Married,Female,0,Corsa
34,26309,Married,Male,0,Corsa
62,27373,Single,Female,0,Corsa
56,23884,Single,Female,2,Corsa
40,26902,Single,Female,1,Corsa
24,27065,Single,Female,3,Corsa
58,13897,Married,Male,1,Zafira
25,39175,Single,Female,0,MX5
43,25817,Widowed,Female,4,Corsa
18,40899,Single,Male,3,MX5
47,31006,Married,Female,3,Corsa
28,36189,Married,Male,2,Zafira
57,25686,Married,Female,1,Corsa
44,33923,Single,Female,4,MX5
30,41078,Single,Male,0,MX5
43,35971,Single,Male,2,MX5
34,8866,Widowed,Female,2,Corsa
33,26367,Widowed,Male,2,Zafira
67,46149,Single,Male,3,MX5
42,23091,Single,Male,0,BMW5
30,36805,Single,Female,3,MX5
27,30176,Divorced,Male,2,Zafira
32,45525,Married,Female,1,Corsa
54,14998,Single,Female,0,Corsa
68,5000,Single,Female,1,Corsa
35,28400,Single,Female,3,Corsa
33,18477,Married,Male,4,Zafira
36,30450,Single,Female,2,MX5
54,15766,Single,Female,3,Zafira
22,29926,Single,Female,1,Corsa
77,13038,Married,Male,3,Zafira
39,32738,Widowed,Female,2,Corsa
21,22394,Single,Male,0,Corsa
53,34913,Married,Male,4,Zafira
25,21349,Single,Male,1,Zafira
56,21658,Married,Male,0,BMW5
22,39805,Widowed,Male,3,Zafira
32,24526,Single,Female,4,Corsa
70,15574,Single,Female,2,Zafira
39,40788,Married,Female,2,Corsa
38,42187,Married,Male,3,Zafira
61,14644,Married,Female,4,Corsa
63,36168,Single,Female,2,MX5
21,32469,Married,Male,1,Zafira
37,23292,Widowed,Female,3,Zafira
69,22935,Widowed,Male,2,Zafira
54,40790,Married,Male,3,Zafira
44,43693,Married,Male,1,Corsa
76,50846,Single,Male,0,MX5
53,32766,Single,Female,2,MX5
32,29716,Married,Male,1,Zafira
33,38104,Divorced,Female,4,Corsa
60,22537,Single,Female,1,Corsa
46,48988,Married,Female,4,Corsa
33,37418,Married,Female,1,Corsa
44,31942,Single,Female,1,MX5
21,20559,Single,Female,0,Corsa
66,7951,Single,Male,3,Zafira
67,32728,Single,Female,3,MX5
70,40890,Married,Male,2,BMW5
32,37344,Married,Female,3,Zafira
31,51383,Single,Female,3,MX5
57,15727,Married,Male,2,Zafira
33,11222,Divorced,Female,2,Corsa
27,44682,Widowed,Female,0,Corsa
26,41555,Married,Male,2,Zafira
53,27716,Married,Female,1,Corsa
28,28779,Divorced,Male,2,Zafira
66,20238,Single,Female,0,Corsa
74,15974,Single,Male,1,Zafira
43,18697,Single,Female,2,Corsa
19,27857,Divorced,Female,3,Corsa
74,37859,Divorced,Male,2,BMW5
68,18797,Married,Female,0,Corsa
61,41132,Divorced,Female,3,Corsa
71,13561,Married,Female,4,Corsa
29,36486,Married,Male,1,Zafira
59,27063,Single,Male,0,BMW5
70,14579,Single,Female,1,Corsa
20,19963,Single,Male,3,Zafira
44,33000,Divorced,Male,3,Zafira
61,14724,Single,Female,2,Corsa
30,34272,Single,Male,2,MX5
32,37156,Divorced,Male,3,Zafira
45,44887,Widowed,Male,1,BMW5
21,23165,Married,Male,4,Zafira
25,34276,Single,Male,0,MX5
61,23035,Married,Female,3,Corsa
29,25855,Married,Male,2,Zafira
56,47655,Married,Female,1,Corsa
37,30651,Married,Female,4,Zafira
44,15404,Married,Male,0,Corsa
57,23292,Single,Male,1,Zafira
22,32574,Divorced,Female,0,Corsa
64,35998,Married,Female,0,Corsa
22,19400,Widowed,Male,0,Corsa
18,36361,Married,Female,0,Corsa
34,25441,Widowed,Male,0,Corsa
73,24337,Married,Male,1,Zafira
73,42371,Single,Male,4,MX5
26,28731,Divorced,Male,0,BMW5
51,16857,Divorced,Male,1,Zafira
50,35688,Married,Male,0,BMW5
45,17645,Single,Female,2,Corsa
71,39761,Single,Male,2,MX5
45,42042,Single,Male,3,MX5
24,34085,Married,Female,0,Corsa
37,14774,Married,Female,1,Corsa
50,42450,Single,Female,4,MX5
66,48640,Single,Male,4,MX5
53,26858,Single,Male,2,Zafira
77,34186,Widowed,Female,2,Corsa
41,28737,Single,Female,1,Corsa
21,28626,Divorced,Female,4,Corsa
64,46738,Single,Female,3,MX5
34,18196,Married,Male,0,Corsa
26,21225,Widowed,Female,3,Corsa
23,40510,Married,Male,2,Zafira
37,46128,Single,Male,1,MX5
46,26095,Married,Male,1,Zafira
41,31097,Married,Male,0,Corsa
23,24186,Married,Male,0,Corsa
63,24260,Married,Male,2,Zafira
24,22778,Divorced,Female,2,Corsa
28,23586,Single,Female,1,Corsa
55,12072,Married,Male,4,Zafira
36,31896,Divorced,Male,1,Zafira
63,27069,Divorced,Female,4,Corsa
62,32248,Single,Male,2,MX5
25,24828,Single,Female,1,Corsa
65,29095,Single,Male,3,Zafira
20,39823,Divorced,Male,4,Zafira
75,24430,Married,Female,3,Corsa
31,28759,Widowed,Female,1,Corsa
41,45331,Divorced,Male,1,BMW5
68,27652,Single,Female,2,Corsa
29,41393,Single,Male,4,MX5
19,32317,Single,Male,4,MX5
60,37402,Married,Male,4,Zafira
27,42046,Single,Male,0,MX5
30,34071,Married,Male,4,Zafira
37,36894,Single,Male,1,MX5
20,31150,Single,Male,0,MX5
54,25285,Single,Female,3,Corsa
62,23130,Married,Female,4,Corsa
40,16602,Married,Female,2,Corsa
68,20039,Single,Female,4,Zafira
20,21786,Single,Male,3,Zafira
19,20902,Single,Female,4,Zafira
57,38417,Married,Male,0,BMW5
37,28918,Single,Female,3,Corsa
64,16031,Widowed,Female,4,Corsa
35,38102,Single,Female,4,MX5
54,23584,Single,Male,0,BMW5
44,22471,Married,Female,4,Corsa
70,27449,Married,Male,3,Zafira
29,32176,Divorced,Female,1,Corsa
75,26444,Divorced,Female,2,Corsa
73,25668,Married,Female,0,Corsa
64,25518,Single,Male,3,Zafira
64,15952,Married,Male,3,Zafira
61,26347,Single,Female,4,Zafira
51,45778,Widowed,Female,0,Corsa
66,32107,Divorced,Female,4,Zafira
33,26769,Married,Male,0,BMW5
25,27834,Divorced,Female,1,Corsa
18,23066,Widowed,Female,2,Corsa
62,21737,Single,Female,0,Corsa
32,37639,Single,Male,3,MX5
42,29160,Divorced,Male,0,BMW5
35,23272,Single,Male,3,Zafira
66,33574,Single,Male,4,MX5
73,29083,Widowed,Female,1,Corsa
42,37848,Single,Male,1,MX5
76,34584,Married,Female,2,Corsa
34,25763,Married,Female,2,Corsa
72,26081,Married,Male,2,Zafira
42,36569,Married,Male,0,Corsa
58,36705,Married,Female,3,Corsa
68,25876,Married,Male,0,BMW5
76,16512,Widowed,Male,1,Zafira
36,50952,Single,Male,1,MX5
72,21911,Married,Male,4,Zafira
27,30282,Married,Female,4,Corsa
41,36048,Divorced,Male,3,Zafira
18,38500,Single,Female,4,MX5
62,42868,Married,Male,4,Zafira
73,23449,Single,Female,2,Corsa
77,26887,Married,Female,0,Corsa
20,25612,Single,Male,4,Zafira
39,21852,Married,Male,2,Zafira
66,35103,Single,Male,2,MX5
42,25837,Single,Female,4,Corsa
68,5245,Single,Male,2,Zafira
29,30633,Married,Male,2,Zafira
57,27251,Married,Female,0,Corsa
45,39180,Single,Female,3,MX5
60,23254,Married,Male,2,Zafira
50,37666,Widowed,Female,3,Corsa
54,45237,Single,Male,2,MX5
34,27478,Married,Male,0,BMW5
26,33781,Single,Female,2,MX5
45,21037,Single,Female,4,Corsa
60,24912,Single,Male,1,Zafira
62,31422,Single,Female,3,MX5
31,23342,Single,Female,0,Corsa
63,19692,Single,Female,2,Corsa
58,25812,Divorced,Male,0,Corsa
58,20110,Single,Male,0,Corsa
20,8459,Single,Male,0,Corsa
65,47574,Single,Male,3,MX5
66,27156,Married,Female,3,Corsa
48,47252,Married,Female,1,Corsa
43,29352,Divorced,Female,2,Corsa
62,18713,Single,Female,4,Zafira
23,24721,Single,Female,0,Corsa
42,32718,Single,Male,2,MX5
23,34149,Single,Female,4,MX5
28,50134,Married,Female,0,Corsa
46,16788,Single,Male,2,Zafira
38,25768,Widowed,Male,0,Corsa
45,29218,Single,Female,3,Zafira
46,30376,Married,Male,1,Zafira
32,36786,Single,Female,1,MX5
52,20761,Single,Male,4,Zafira
40,41615,Single,Female,4,MX5
29,15394,Single,Female,4,Corsa
25,16629,Married,Female,3,Corsa
48,24308,Single,Female,0,Corsa
70,49238,Married,Female,2,Corsa
52,22246,Single,Male,1,Zafira
51,15569,Single,Female,3,Zafira
32,14451,Widowed,Male,0,Corsa
70,20801,Married,Female,1,Corsa
44,36444,Single,Male,0,MX5
62,5585,Single,Male,4,Zafira
77,27093,Single,Male,0,BMW5
19,18182,Divorced,Male,1,Zafira
28,31390,Divorced,Male,1,Zafira
72,43814,Married,Female,4,Corsa
76,41637,Divorced,Male,4,BMW5
22,34099,Single,Male,4,MX5
48,34294,Single,Male,3,MX5
69,13773,Divorced,Female,1,Corsa
41,28112,Single,Female,1,Corsa
35,22784,Single,Female,4,Corsa
38,29583,Married,Female,3,Corsa
75,7077,Widowed,Female,0,Corsa
24,30765,Married,Female,4,Corsa
33,27771,Divorced,Female,4,Corsa
64,32722,Single,Male,1,MX5
45,20744,Married,Female,2,Corsa
67,33563,Widowed,Female,4,Zafira
53,36045,Single,Male,4,MX5
69,32707,Single,Male,0,MX5
54,27593,Single,Female,3,Corsa
61,24280,Single,Male,3,Zafira
26,27879,Married,Female,1,Corsa
63,31918,Single,Male,2,MX5
40,36817,Single,Male,4,MX5
32,23610,Single,Male,2,Zafira
37,39134,Divorced,Female,4,Zafira
67,31897,Married,Female,0,Corsa
26,28080,Single,Female,0,Corsa
58,6334,Single,Male,2,Zafira
36,29505,Single,Male,4,Zafira
42,43136,Divorced,Male,0,BMW5
40,24598,Married,Female,2,Corsa
36,28545,Married,Male,2,Zafira
45,28939,Single,Male,0,BMW5
19,48271,Divorced,Female,1,Corsa
74,33411,Single,Male,3,MX5
23,36604,Single,Female,0,MX5
62,43498,Married,Male,1,BMW5
48,47703,Single,Female,3,MX5
62,16237,Single,Male,1,Zafira
34,39050,Single,Female,2,MX5
40,16886,Married,Female,4,Corsa
44,31673,Widowed,Female,1,Corsa
55,33169,Single,Female,1,MX5
45,44124,Married,Female,4,Zafira
66,24260,Single,Male,3,Zafira
75,28803,Single,Male,0,BMW5
72,27720,Married,Female,3,Corsa
76,32259,Widowed,Female,4,Corsa
73,39181,Married,Female,2,Corsa
61,26530,Single,Female,2,Corsa
33,39113,Married,Female,1,Corsa
22,27939,Married,Female,1,Corsa
65,20457,Single,Male,0,BMW5
70,19118,Married,Female,1,Corsa
53,29872,Single,Male,1,Zafira
41,42195,Single,Female,1,MX5
53,35722,Married,Female,2,Corsa
60,26767,Married,Male,3,Zafira
29,21337,Single,Female,1,Corsa
20,29642,Single,Male,3,Zafira
44,44055,Married,Male,3,Zafira
39,28899,Single,Male,0,BMW5
23,32663,Married,Female,0,Corsa
62,26501,Married,Male,1,Zafira
62,33481,Single,Male,4,MX5
54,36246,Single,Female,3,MX5
22,31551,Married,Male,0,Corsa
64,40334,Single,Female,0,MX5
54,28017,Single,Male,4,Zafira
75,44350,Married,Female,0,BMW5
60,31002,Single,Female,3,MX5
56,32617,Divorced,Male,3,Zafira
31,29473,Single,Male,2,Zafira
66,48509,Single,Male,3,MX5
52,24611,Widowed,Female,3,Zafira
43,23536,Married,Female,3,Corsa
60,27256,Married,Male,2,Zafira
24,36871,Married,Male,3,Zafira
34,36917,Married,Female,3,Corsa
21,25737,Married,Male,4,Zafira
56,29754,Single,Male,4,Zafira
63,35944,Divorced,Female,2,Zafira
50,27625,Married,Female,0,Corsa
55,24446,Married,Male,0,BMW5
57,19428,Married,Female,3,Corsa
46,28225,Married,Female,4,Corsa
30,24887,Single,Male,0,Corsa
76,39986,Single,Male,2,MX5
30,34406,Married,Female,2,Corsa
66,5000,Single,Male,1,Zafira
76,53385,Single,Male,2,MX5
50,21204,Married,Male,2,Zafira
72,19245,Single,Female,4,Corsa
18,31524,Married,Female,3,Corsa
20,36752,Widowed,Female,2,Corsa
21,22105,Married,Male,4,Zafira
70,37581,Married,Male,4,Zafira
42,13764,Divorced,Male,3,Zafira
66,23113,Married,Male,4,Zafira
20,33987,Single,Male,3,MX5
32,21459,Single,Female,3,Corsa
47,36262,Married,Male,2,Zafira
58,28927,Single,Female,2,Corsa
68,27767,Single,Female,0,Corsa
34,5000,Single,Male,2,Zafira
36,33976,Single,Female,4,MX5
48,20718,Married,Male,3,Zafira
60,29993,Divorced,Female,2,Corsa
72,41804,Single,Male,2,MX5
62,36296,Married,Male,3,Zafira
43,44373,Married,Male,0,BMW5
54,28324,Married,Male,3,Zafira
